1STPLAYER;BLACKSIR BS300 RED Gaming;210000;1.77827050997783
1STPLAYER;FIREDANCING GM3 White Gaming;170000;1.61862527716186
A4TECH;D-100;68000;1.21152993348115
A4TECH;D-110;64000;1.19556541019956
A4TECH;D-312;71000;1.22350332594235
A4TECH;D-320;62000;1.18758314855876
A4TECH;D-350;57000;1.16762749445676
A4TECH;D-400;62000;1.18758314855876
A4TECH;D-500F;68000;1.21152993348115
A4TECH;D-530FX;71000;1.22350332594235
A4TECH;D-570FX;73000;1.23148558758315
A4TECH;D-810 FX;66000;1.20354767184035
A4TECH;G11-570HX Wireless Holeless;157000;1.56674057649667
A4TECH;G11-590HX Zero Delay 2.4G Wireless;157000;1.56674057649667
A4TECH;G9-200F 2.4G Wireless Padless;112000;1.38713968957871
A4TECH;G9-530HX Wireless;128000;1.4509977827051
A4TECH;N-100;82000;1.26740576496674
A4TECH;N-110;69000;1.21552106430155
A4TECH;N-310 V-Track;61000;1.18359201773836
A4TECH;N-312;76000;1.24345898004435
A4TECH;N-320 V-Track;66000;1.20354767184035
A4TECH;N-321 V-Track;64000;1.19556541019956
A4TECH;N-350;75000;1.23946784922395
A4TECH;N-370FX V-Track;71000;1.22350332594235
A4TECH;N-400;64000;1.19556541019956
A4TECH;N-556FX V-Track;64000;1.19556541019956
A4TECH;N-560FX V-Track;64000;1.19556541019956
A4TECH;N-60F V-Track;66000;1.20354767184035
A4TECH;N-61FX V-Track;80000;1.25942350332594
A4TECH;N-810FX;77000;1.24745011086475
A4TECH;OP-620D PS2 Black V-TRACK;52000;1.14767184035477
A4TECH;OP-620D USB Black V-TRACK;58000;1.17161862527716
A4TECH;OP-720 PS2 Black;51000;1.14368070953437
A4TECH;R4 V-Track Wireless Gaming;235000;1.8780487804878
A4TECH;TL-80A;425000;2.63636363636364
A4TECH;X7 XL-747H;235000;1.8780487804878
A4TECH;X7-F2;222000;1.82616407982262
A4TECH;X7-F3;230000;1.85809312638581
A4TECH;X7-F4;220000;1.81818181818182
A4TECH;X7-F5;220000;1.81818181818182
A4TECH;X7-F6;220000;1.81818181818182
A4TECH;X7-F7;225000;1.83813747228381
Aerocool;Strike-X Combat;115000;1.39911308203991
Aerocool;Strike-X Freedom;115000;1.39911308203991
Apple;MagicMouse;1070000;5.21064301552106
Apple;Magic2;1500000;6.92682926829268
Asus;R.O.G Cerberus;320000;2.21729490022173
Asus;R.O.G Gladius;770000;4.01330376940133
Asus;R.O.G Sica;505000;2.95565410199557
Asus;R.O.G Spatha;2270000;10
Asus;Strix Claw;720000;3.81374722838137
AULA;Ghost Shark ( SI989 );145000;1.51884700665188
AULA;Incubus ( SI-9002 );170000;1.61862527716186
AULA;Killing The Soul (SI928);105000;1.35920177383592
AULA;Tian Ji (SI-9010);260000;1.97782705099778
BenQ ZOWIE;EC1-A Large;880000;4.45232815964523
BenQ ZOWIE;EC2-A Medium;880000;4.45232815964523
BenQ ZOWIE;FK1 Large;880000;4.45232815964523
BenQ ZOWIE;FK1+ Xtra Large;880000;4.45232815964523
BenQ ZOWIE;FK2 Medium;880000;4.45232815964523
BenQ ZOWIE;ZA11 Large;880000;4.45232815964523
BenQ ZOWIE;ZA12 Medium;880000;4.45232815964523
BenQ ZOWIE;ZA13 Small;880000;4.45232815964523
Bloody;A60A;310000;2.17738359201774
Bloody;A6A;285000;2.07760532150776
Bloody;A90A;290000;2.09756097560976
Bloody;A91A;285000;2.07760532150776
Bloody;ML16A;402000;2.54456762749446
Bloody;R8A;366000;2.40088691796009
Bloody;T5A;310000;2.17738359201774
Bloody;TL-8A;360000;2.37694013303769
Bloody;V2 Gaming Multicore Gun 3;220000;1.81818181818182
Bloody;V3 Gaming Multicore Gun 3;190000;1.69844789356984
Bloody;V4 Gaming Multicore Gun 3;220000;1.81818181818182
Bloody;V4MA;235000;1.8780487804878
Bloody;V5 Gaming Multicore Gun 3;195000;1.71840354767184
Bloody;V7MA;235000;1.8780487804878
Bloody;V8MA;235000;1.8780487804878
Bloody;ZL-50;425000;2.63636363636364
CBM;CM 553;25000;1.03991130820399
Cooler Master;ALCOR;600000;3.33481152993348
Cooler Master;Havoc GamingMouse;710000;3.77383592017738
Cooler Master;Mizar;690000;3.6940133037694
Cooler Master;REAPER AlumuniumMouse;875000;4.43237250554324
Cooler Master;Recon;600000;3.33481152993348
Cooler Master;Sentinel III;860000;4.37250554323725
Cooler Master;Storm InfernoMouse;735000;3.87361419068736
Cooler Master;Storm Xornet;340000;2.29711751662971
Cooler Master;Xornet II;415000;2.59645232815965
Corsair;Gaming Sabre Laser RGB;795000;4.11308203991131
Corsair;Harpoon RGB Gaming;350000;2.3370288248337
Corsair;Katar Gaming;495000;2.91574279379157
Corsair;M65 Pro RGB (Gunmetal Black / Gunmetal White);995000;4.91130820399113
Corsair;M65 RGB (Gunmetal Black / Arctic White);950000;4.73170731707317
Corsair;Raptor M30;550000;3.13525498891353
Corsair;Scimitar RGB Gaming Black-Yellow / Black;1200000;5.72949002217295
Corsair;Vengeance M95 MMO Gunmetal Black / Arctic White;1040000;5.09090909090909
Cougar;Gaming200M Orange;170000;1.61862527716186
Cougar;Gaming400M Grey;435000;2.67627494456763
Delux;DLM M612;170000;1.61862527716186
Deluxe;DLM 535 USB;110000;1.37915742793792
Digital Alliance;G 7 Black / Yellow;190000;1.69844789356984
Digital Alliance;G 8 avago 5050;170000;1.61862527716186
Digital Alliance;G 9 avago 5050 macro inside;165000;1.59866962305987
Ducky Leetgion;EL'Druin Wired Gaming LaserAvago 9500 Chipset;815000;4.19290465631929
Ducky Leetgion;Hellion Wired Gaming LaserAvago 9500 Chipset;815000;4.19290465631929
Elephant;Blade Runner;86000;1.28337028824834
Elephant;Devil Laser;67000;1.20753880266075
Elephant;Dragonwar Ares Laser Gaming;146000;1.52283813747228
Elephant;Dragonwar Chaos GamingMouse;183000;1.67050997782705
Elephant;Dragonwar Reload Gaming with Reload Automatic;194000;1.71441241685144
Elephant;Dragonwar Thor GamingMouse;183000;1.67050997782705
Elephant;Dragonwar Unicorn GamingMouse;183000;1.67050997782705
Elephant;Dragunov Laser Gaming Mouse+Gamepad;136000;1.48292682926829
Elephant;Leviathan Laser Gaming Mouse+Gamepad;136000;1.48292682926829
Elephant;Night Hawk;80000;1.25942350332594
Elephant;Phantom V2 Laser Gaming;433000;2.66829268292683
Elephant;Rigid Mice GR Laser;50000;1.13968957871397
Elephant;Sasquatch Silent Blue Laser;103000;1.35121951219512
Elephant;Warlord Gaming;297000;2.12549889135255
Gamdias;GMS1100 Zeus Gaming Laser;467000;2.8039911308204
Gamdias;GMS5000 Demeter Optical Gaming;114000;1.39512195121951
Gamdias;GMS5101 Apollo;232000;1.86607538802661
Gamdias;GMS5500 Ourea Optical GamingMouse;133000;1.4709534368071
Gamdias;GMS7001 Hades Optical Gaming;190000;1.69844789356984
Gamdias;GMS7011 Hades Laser Gaming;219000;1.81419068736142
Gamdias;ZEUS-E1 (Dual RGB);459000;2.77206208425721
Gamdias;ZEUS-P1 (Dual RGB);780000;4.05321507760532
GENIUS;Ammox X1-400 GamingMouse;310000;2.17738359201774
GENIUS;DX-ECO Blue Eye;175000;1.63858093126386
GENIUS;SCORPION M6-600 WGBLK+OR GamingMouse;480000;2.85587583148559
GENIUS;NX-ECO Blue Eye;155000;1.55875831485588
GENIUS;SCORPION M6-600 WGBLK GamingMouse;480000;2.85587583148559
GENIUS;SCORPION M6-600 WGWH+OR GamingMouse;480000;2.85587583148559
GENIUS;X-G200 GamingMouse;124000;1.4350332594235
Gigabyte;Aire M77 Wireless;204000;1.75432372505543
Gigabyte;Aivia M8600 Wired Wireless;950000;4.73170731707317
Gigabyte;Force M9 Ice Wireless;391000;2.50066518847007
Gigabyte;Ghost M8000X Wired;480000;2.85587583148559
Gigabyte;GM-M7580 Wireless;146000;1.52283813747228
Gigabyte;GM-XM300;600000;3.33481152993348
Gigabyte;Krypton Wired;956000;4.75565410199557
Gigabyte;M5050 Curvy OpticalMouse;65000;1.19955654101996
Gigabyte;Pro-Laser GM-M6980 Wired;404000;2.55254988913526
Gigabyte;Xenon TouchpadMouse;482000;2.86385809312639
I-Rock;IR-7561;158000;1.57073170731707
I-Rock;IR-7572;235000;1.8780487804878
I-Rock;IR-7610;164000;1.59467849223947
I-Rock;IR-7810L;169000;1.61463414634146
I-Rock;IRM O5 WP-EL Breathing LightGaming;653000;3.54634146341463
I-Rock;M09 Gaming Mice;275000;2.03769401330377
Lenovo;Dual Mode Wireless TouchN700 (Black);550000;3.13525498891353
Lenovo;Dual Mode Wireless TouchN700 (Orange);550000;3.13525498891353
Lenovo;OpticalM110 IN Black;63000;1.19157427937916
Lenovo;OpticalM3803A (WW-b);80000;1.25942350332594
Lenovo;WirelessN100 Black;150000;1.53880266075388
Lenovo;WirelessN3903 (Cherry-Red);230000;1.85809312638581
Lenovo;WirelessN3903 (Coral-Blue);230000;1.85809312638581
Lenovo;WirelessN3903A (EM-Black);230000;1.85809312638581
LOGITECH;B100 Optical USB Black;58000;1.17161862527716
LOGITECH;G102 Prodigy Gaming;280000;2.05764966740576
LOGITECH;G300s GamingMouse;240000;1.8980044345898
LOGITECH;G302 Gaming;495000;2.91574279379157
LOGITECH;G402 Gaming;550000;3.13525498891353
LOGITECH;G403 Prodigy Gaming;880000;4.45232815964523
LOGITECH;G403 Prodigy Wired / Wireless Gaming;1290000;6.08869179600887
LOGITECH;G502 Proteus Core;960000;4.77161862527716
LOGITECH;G502 Proteus Spectrum;975000;4.83148558758315
LOGITECH;G600 GamingMouse;805000;4.1529933481153
LOGITECH;G602 Wireless GamingMouse;885000;4.47228381374723
LOGITECH;G700s Wireless GamingMouse;1175000;5.62971175166297
LOGITECH;G90 Gaming;205000;1.75831485587583
LOGITECH;G900 Chaos Spectrum;1965000;8.78270509977827
LOGITECH;M100R;68000;1.21152993348115
LOGITECH;M105;77000;1.24745011086475
LOGITECH;M165 Wireless;113000;1.39113082039911
LOGITECH;M170 Wireless Black;115000;1.39911308203991
LOGITECH;M171 Wireless;135000;1.47893569844789
LOGITECH;M185 Wireless;145000;1.51884700665188
LOGITECH;M187 Wireless Black White Red Blue orange;142000;1.50687361419069
LOGITECH;M221 Silent Wireless Charcoal / Blue / Red;169000;1.61463414634146
LOGITECH;M235 Wireless;185000;1.67849223946785
LOGITECH;M238 Wireless Owl / Fox / Monkey / Red/ Blue;165000;1.59866962305987
LOGITECH;M238 Wireless - Popsicles/Flamingo/Toucan/Gorila/Spaceman/Cocktail;180000;1.65853658536585
LOGITECH;M280 Wireless Black Blue Red;178000;1.65055432372506
LOGITECH;M325 Wireless Dark Silver Light Silver Peacock Blue Dusty Rose;245000;1.9179600886918
LOGITECH;M331 Wireless;190000;1.69844789356984
LOGITECH;M337 Bluetooth Blue Red Black;285000;2.07760532150776
LOGITECH;M545 Wireless Black Red Blue;290000;2.09756097560976
LOGITECH;M557 Bluetooth Dark Gray Pearl White;345000;2.31707317073171
LOGITECH;M720 Triathlon;690000;3.6940133037694
LOGITECH;M90 Optical USBDark Grey;70000;1.21951219512195
LOGITECH;M950T PerformanceMouse;1405000;6.54767184035477
LOGITECH;MX Anywhere 2 Wireless;950000;4.73170731707317
LOGITECH;T400 TouchMouse;235000;1.8780487804878
LOGITECH;T630 Ultrathin TouchBlack;730000;3.85365853658537
LOGITECH;Trackman Marble Optic 2 Button;300000;2.13747228381375
Mad Catz;PC MCZ M.M.O.7 GamingMouse;1975000;8.82261640798226
Mad Catz;PC MCZ M.M.O.7 Gaming Mouse-white;1975000;8.82261640798226
Mad Catz;PC MCZ M.M.O.7- Gloss black;1975000;8.82261640798226
Mad Catz;PC MCZ M.M.O.7- Red;1975000;8.82261640798226
Mad Catz;PC MCZ M.M.O.TE- Matte Blk;1165000;5.58980044345898
Mad Catz;PC MCZ M.O.U.S.9 - Gloss Black;1795000;8.10421286031042
Mad Catz;PC MCZ M.O.U.S.9 - Mattle Black;1795000;8.10421286031042
Mad Catz;PC MCZ M.O.U.S.9 - Red;1795000;8.10421286031042
Mad Catz;PC MCZ M.O.U.S.9 - White;1795000;8.10421286031042
Mad Catz;PC MCZ R.A.T. 7 Gaming Mouse-Mattle black;1480000;6.8470066518847
Mad Catz;PC MCZ R.A.T. 9 Mouse-Mattle black;2025000;9.02217294900222
Mad Catz;PC MCZ R.A.T.3- Gloss Black;815000;4.19290465631929
Mad Catz;PC MCZ R.A.T.3- Matte Blk;815000;4.19290465631929
Mad Catz;PC MCZ R.A.T.3- Red;815000;4.19290465631929
Mad Catz;PC MCZ R.A.T.3- White;815000;4.19290465631929
Mad Catz;PC MCZ R.A.T.5 Gaming Mouse-Mattle black;1040000;5.09090909090909
Mad Catz;PC MCZ R.A.T.5- Gloss Black;1040000;5.09090909090909
Mad Catz;PC MCZ R.A.T.5- Red;1040000;5.09090909090909
Mad Catz;PC MCZ R.A.T.5- White;1040000;5.09090909090909
Mad Catz;PC MCZ R.A.T.7 Gaming- Contagion Edition;1480000;6.8470066518847
Mad Catz;PC MCZ R.A.T.7- Gls Blk;1480000;6.8470066518847
Mad Catz;PC MCZ R.A.T.7- Red;1480000;6.8470066518847
Mad Catz;PC MCZ R.A.T.7 Mouse-Infection Edition;1525000;7.02660753880266
Mad Catz;PC MCZ R.A.T.9- Gloss Black;2025000;9.02217294900222
Mad Catz;PC MCZ R.A.T.9- Red;2025000;9.02217294900222
Mad Catz;PC MCZ R.A.T.9- White;2025000;9.02217294900222
Mad Catz;PC MCZ R.A.T.M- Gloss Blk;1795000;8.10421286031042
Mad Catz;PC MCZ R.A.T.M- Mattle Blk;1795000;8.10421286031042
Mad Catz;PC MCZ R.A.T.M- Red;1795000;8.10421286031042
Mad Catz;PC MCZ R.A.T.M- White;1795000;8.10421286031042
Mad Catz;PC MCZ R.A.T.TE- Matte Blk;1110000;5.37028824833703
Marvo;G801 Gaming;145000;1.51884700665188
Marvo;G905 Gaming;275000;2.03769401330377
Marvo;G906 Gaming;251000;1.94190687361419
Marvo;G908 Gaming;505000;2.95565410199557
Marvo;G909H BK Optical Gaming;106000;1.36319290465632
Marvo;G920 BK Optical Gaming;194000;1.71441241685144
Marvo;G922 Gaming;177000;1.64656319290466
Marvo;M309 Free Mousepad GamingMouse;111000;1.38314855875831
Marvo;M316 Optical Gaming;85000;1.27937915742794
Marvo;M416 Optical Gaming;100000;1.33924611973392
Marvo;M906 / M306 Gaming;85000;1.27937915742794
Marvo;M907 Wired 6D Optical Gaming;99000;1.33525498891353
Marvo;M908 Gaming;235000;1.8780487804878
Marvo;M910 / M310 Gaming;79000;1.25543237250554
Marvo;M912 / M212 Gaming;74000;1.23547671840355
Marvo;M915 / M315 free Mousepad;99000;1.33525498891353
Marvo;M916 free Mousepad;130000;1.4589800443459
Marvo;M918 / M418 Gaming;92000;1.30731707317073
Marvo;M919 / M319 Gaming;89000;1.29534368070953
Marvo;M925 Optical Gaming;77000;1.24745011086475
MicroPack;BT-2067R Blue TechMouse;69000;1.21552106430155
MicroPack;BT-369 Blue-Tech;69000;1.21552106430155
MicroPack;BT-396 Blue TechMouse;69000;1.21552106430155
MicroPack;BT-799 Bridge 2.4Ghz Wireless;109000;1.37516629711752
MicroPack;BT-Y2007 Blue TechMouse;69000;1.21552106430155
MicroPack;BT-Y2075R Rectratable Blue TechMouse;69000;1.21552106430155
MicroPack;BT-Y2076 Blue TechMouse;69000;1.21552106430155
MicroPack;G-2 Terminator+Mouse Pad GamingMouse;250000;1.93791574279379
MicroPack;G-3 7D GamingMouse;130000;1.4589800443459
MicroPack;G-4M 9D Gaming;230000;1.85809312638581
MicroPack;HUB 266+MP-36RMini Usb Hub 2.0;80000;1.25942350332594
MicroPack;M101;47000;1.12771618625277
MicroPack;M102;47000;1.12771618625277
MicroPack;MP-081 Double LaserMouse;63000;1.19157427937916
MicroPack;MP-2061R Rectractable Double LaserMouse;63000;1.19157427937916
MicroPack;MP-296R Rectractable Double LaserMouse;63000;1.19157427937916
MicroPack;MP-297;63000;1.19157427937916
MicroPack;MP-3083 Double LaserMouse;63000;1.19157427937916
MicroPack;MP-313G+(Mouse Pad) LaserMouse;63000;1.19157427937916
MicroPack;MP-4023 (5D) GamingMouse;75000;1.23946784922395
MicroPack;MP-4721W Colorful 2.4Ghz Wireless;95000;1.31929046563193
MicroPack;MP-476D (6D) GamingMouse;90000;1.29933481152993
MicroPack;MP-766W+Mouse Pad WirelessMouse;100000;1.33924611973392
MicroPack;MP-769W WirelessMouse;95000;1.31929046563193
MicroPack;MP-770 (Silent Mouse+Mouse Pad) Double LaserMouse;63000;1.19157427937916
MicroPack;MP-776W WirelessMouse;95000;1.31929046563193
MicroPack;MP-791W 2.4Ghz Wireless;100000;1.33924611973392
MicroPack;MP-795W Gaming 2.4Ghz Wireless;100000;1.33924611973392
MicroPack;MP-Y209R+(Mouse Pad) Double LaserMouse;63000;1.19157427937916
MicroPack;MP-Y212R Rectractable Double LaserMouse;46000;1.12372505543237
MicroPack;MP-Y237 Double Laser;63000;1.19157427937916
MicroPack;MP-Y279R+(Mouse Pad) Double LaserMouse;63000;1.19157427937916
MicroPack;MP-Y4020 (6D) GamingMouse;70000;1.21951219512195
MicroPack;MP-Y80R Rectractable Double LaserMouse;46000;1.12372505543237
MicroPack;MP-Y81R Rectractable Double LaserMouse;63000;1.19157427937916
MicroPack;MP-Y89W Wireless;95000;1.31929046563193
Microsoft;ARC Touch Wireless;881000;4.45631929046563
Microsoft;Compact500 USB;133000;1.4709534368071
Microsoft;Explorer TouchMouse;340000;2.29711751662971
Microsoft;Mobile1850 Wireless;240000;1.8980044345898
Microsoft;Mobile3500 Bluetrack Wireless;370000;2.41685144124169
Microsoft;Mobile3500 Wireless;296000;2.12150776053215
Microsoft;Sculpt MobileMouse;353000;2.3490022172949
Microsoft;Sculpt Touch BluetoothMouse;415000;2.59645232815965
Mionix;Avior 7000 Gaming;985000;4.87139689578714
Mionix;Avior 8200 Gaming;1095000;5.31042128603104
Mionix;Avior SK Gaming;1095000;5.31042128603104
Mionix;Naos 7000 Gaming;965000;4.79157427937916
Mionix;Naos 8200 Gaming;1165000;5.58980044345898
MSI;DS100 Gaming;365000;2.39689578713969
MSI;DS200 Gaming;645000;3.51441241685144
MSI;DS300 Gaming;975000;4.83148558758315
NYK;Gaming G-02;52000;1.14767184035477
NYK;Gaming G-07;65000;1.19955654101996
NZXT;Avatar S Black;500000;2.93569844789357
NZXT;Avatar S White;500000;2.93569844789357
OEMPS2;Standard;25000;1.03991130820399
Okaya;G-1000;78000;1.25144124168514
Okaya;G-100L Gaming;206000;1.76230598669623
Okaya;G-200L Gaming;144000;1.51485587583149
Okaya;G-300U;88000;1.29135254988914
Okaya;G-400U;88000;1.29135254988914
Okaya;G-500L;88000;1.29135254988914
Okaya;G-600U;82000;1.26740576496674
Okaya;G-700U;70000;1.21951219512195
Okaya;G-800U;73000;1.23148558758315
Okaya;G-900 Gaming;140000;1.49889135254989
Okaya;MOK-017 USB;54000;1.15565410199557
Ozone;Argon RGB Gaming;865000;4.39246119733925
Power;S616;15000;1
Power;Tarik;23000;1.03192904656319
Power;Tidak Tarik;21000;1.02394678492239
Power;Logic 2GO AIR Wireless;73000;1.23148558758315
Power;Logic 2GO Zero;98000;1.33126385809313
Power;Logic 2GO Zero Flek;118000;1.41108647450111
Power;Logic Air 20 Wireless;118000;1.41108647450111
Power;Logic Air Shark Wireless;110000;1.37915742793792
Power;Logic Armageddon Alien G11;538000;3.08736141906874
Power;Logic Armageddon Alien G13Mouse;878000;4.44434589800443
Power;Logic Armageddon Alien G17;668000;3.60620842572062
Power;Logic Armageddon Alien G5 2000cpi;243000;1.909977827051
Power;Logic Armageddon Alien G9 X;368000;2.40886917960089
Power;Logic Armageddon Aquila X / X1 / X2 GamingMouse;268000;2.00975609756098
Power;Logic Armageddon HAVOC III 4000 cpi Macro;293000;2.10953436807095
Power;Logic Armageddon HAVOC III 5000 cpi Macro;378000;2.44878048780488
Power;Logic Armageddon Mikoyan Foxbat GamingMouse;318000;2.20931263858093
Power;Logic Armageddon Phantom GamingMouse;413000;2.58847006651885
Power;Logic Armageddon STARSHIP III;633000;3.46651884700665
Power;Logic ASIC 1 / 2 USB;53000;1.15166297117517
Power;Logic ASIC 5 / 6 USB;58000;1.17161862527716
Power;Logic Beetle 2.4Ghz Wireless;148000;1.53082039911308
Power;Logic Beetle USB;68000;1.21152993348115
Power;Logic GMO 3;143000;1.51086474501109
Power;Logic GMX - 1 A;88000;1.29135254988914
Power;Logic GMX - 1 Predator;143000;1.51086474501109
Power;Logic GMX - 7;178000;1.65055432372506
Power;Logic GMX - 9;198000;1.73037694013304
Power;Logic GMX-3 GamingLaser 1600Dpi;113000;1.39113082039911
Power;Logic GXR-5 Wireless;173000;1.63059866962306
Power;Logic GXR-6 Wireless;173000;1.63059866962306
Power;Logic Neon 3;140000;1.49889135254989
Power;Logic Shark;58000;1.17161862527716
Power;Logic X-Craft Quantum Z7000;100000;1.33924611973392
Power;Logic X-Craft Trek 1000 Free Mousemat;100000;1.33924611973392
Power;Logic X-Craft Tron 5000 Free Mousemat;100000;1.33924611973392
Power;Logic X-Craft Twilight 2000 Free Mousemat;100000;1.33924611973392
Power;Logic X-Craft Z8000NOIZ;100000;1.33924611973392
Power;Pro Standard USB;19000;1.0159645232816
Prolink;PKGM9101;377000;2.44478935698448
Prolink;PKGM9301;402000;2.54456762749446
Prolink;PMC1001/1002;64000;1.19556541019956
Prolink;PMG9002 - Illuminated GamingMouse;90000;1.29933481152993
Prolink;PMG9003 - Illuminated GamingMouse;90000;1.29933481152993
Prolink;PMG9501 - Illuminated GamingMouse;205000;1.75831485587583
Prolink;PMG9801L - Laser GamingMouse;610000;3.37472283813747
Prolink;PMG9802L - Laser GamingMouse;550000;3.13525498891353
Prolink;PMO 628U USB;53000;1.15166297117517
Prolink;PMO630U;57000;1.16762749445676
Prolink;PMR3001;62000;1.18758314855876
Prolink;PMW5002/6001;97000;1.32727272727273
Prolink;POG1001S;170000;1.61862527716186
Rapoo;1090p (5G Wireless Entry Level 3 Key- Black);147000;1.52682926829268
Rapoo;1090p (5G Wireless Entry Level 3 Key- Blue);147000;1.52682926829268
Rapoo;1090p (5G Wireless Entry Level 3 Key- Gray);147000;1.52682926829268
Rapoo;1090p (5G Wireless Entry Level 3 Key- Red);147000;1.52682926829268
Rapoo;1090p (5G Wireless Entry Level 3 Key- White / Orange);147000;1.52682926829268
Rapoo;1100X Wired OpticalUSB;50000;1.13968957871397
Rapoo;1190 (2.4G Wireless Entry level 3 key- Black);105000;1.35920177383592
Rapoo;1190 (2.4G Wireless Entry level 3 key- Blue);105000;1.35920177383592
Rapoo;1190 (2.4G Wireless Entry level 3 key- Red);105000;1.35920177383592
Rapoo;3000p (5G Wireless Mid Level 3 key- Blue);189000;1.69445676274945
Rapoo;3000p (5G Wireless Mid Level 3 key- Gray);189000;1.69445676274945
Rapoo;3000p (5G Wireless Mid Level 3 key- Red);189000;1.69445676274945
Rapoo;3000p (5G Wireless Mid Level 3 key- Yellow);189000;1.69445676274945
Rapoo;3100p (5G Wireless Mid Level 3 key- Black);199000;1.73436807095344
Rapoo;3100p (5G Wireless Mid Level 3 key- Blue);199000;1.73436807095344
Rapoo;3100p (5G Wireless Mid Level 3 key- White);199000;1.73436807095344
Rapoo;3360 (2.4G Wireless Super Mini- Black);146000;1.52283813747228
Rapoo;3360 (2.4G Wireless Super Mini- Blue);146000;1.52283813747228
Rapoo;3360 (2.4G Wireless Super Mini- White Orange (White));146000;1.52283813747228
Rapoo;3360 (2.4G Wireless Super Mini- White silver);146000;1.52283813747228
Rapoo;3360 (2.4G Wireless Super Mini- Yellow);146000;1.52283813747228
Rapoo;3500p (5.8G Wireless Mid Level mouse);174000;1.63458980044346
Rapoo;3920p (5G Wireless Laser- Black);451000;2.74013303769401
Rapoo;7100p (Wireless Optical- Black );228000;1.85011086474501
Rapoo;7100p (Wireless Optical- Grey );228000;1.85011086474501
Rapoo;7200p (5.8G Wireless 6 key mouse);240000;1.8980044345898
Rapoo;7200P Wireless;240000;1.8980044345898
Rapoo;M10 Wireless;125000;1.4390243902439
Rapoo;M11 Wireless;110000;1.37915742793792
Rapoo;N1162 Wired Optical;57000;1.16762749445676
Rapoo;N6000 Wired Optical;67000;1.20753880266075
Razer;Abyssus 1800 (Bundle Goliathus Small Speed);615000;3.39467849223947
Razer;Abyssus 2014;675000;3.63414634146341
Razer;Abyssus 2014+Goliathus Medium Speed/ControlPad;890000;4.49223946784922
Razer;Abyssus 2014+Goliathus Small SpeedPad;850000;4.33259423503326
Razer;Abyssus+Sphex;840000;4.29268292682927
Razer;Bungee;305000;2.15742793791574
Razer;DeathAdder Chroma;1100000;5.33037694013304
Razer;DeathAdder 2013;800000;4.1330376940133
Razer;DeathAdder Chroma (Call of Duty: Black Ops III);1190000;5.68957871396896
Razer;Deathadder Chroma+Goliathus Medium Speed/ControlPad;1240000;5.88913525498891
Razer;DeathAdder eSports Edition - Counter Logic Gaming;880000;4.45232815964523
Razer;Deathadder World of Tanks;915000;4.5920177383592
Razer;Diamondback Chroma;1310000;6.16851441241685
Razer;Imperator 4G;1040000;5.09090909090909
Razer;Krait 2013;510000;2.97560975609756
Razer;Mamba;2045000;9.1019955654102
Razer;Mamba 16000;2125000;9.42128603104213
Razer;Mamba TE;1310000;6.16851441241685
Razer;Naga 2012 Edition;890000;4.49223946784922
Razer;Naga 2014;1240000;5.88913525498891
Razer;Naga Chroma;1210000;5.76940133037694
Razer;Naga Epic Chroma Wireless;2035000;9.06208425720621
Razer;Naga Hex Green/Red;1060000;5.17073170731707
Razer;Orochi 2013;910000;4.57206208425721
Razer;Orochi 8200;1120000;5.41019955654102
Razer;Ouroboros;2085000;9.26164079822616
Razer;Taipan;1245000;5.90909090909091
Razer;Taipan Battlefield 4 Collectors Edition;1170000;5.60975609756098
Razer;Taipan White;1245000;5.90909090909091
Rexus;G3;53000;1.15166297117517
Rexus;G4 Gaming;70000;1.21951219512195
Rexus;G5 Gaming;75000;1.23946784922395
Rexus;G6 Gaming;75000;1.23946784922395
Rexus;G7 Gaming;85000;1.27937915742794
Rexus;G8 Viper Gaming;90000;1.29933481152993
Rexus;Macro TX7 Gaming;170000;1.61862527716186
Rexus;RX-110 / 111A Avenger Wireless;85000;1.27937915742794
Rexus;S5 Aviator Wireless Gaming;85000;1.27937915742794
Rexus;TX1 Macro;185000;1.67849223946785
Rexus;X2 Gaming;80000;1.25942350332594
Rexus;X5 Gaming;85000;1.27937915742794
Roccat;Kone Pure Black (ROC-11-700-AS);1040000;5.09090909090909
Roccat;Kone Pure Blue (ROC-11-700-B-AS);1040000;5.09090909090909
Roccat;Kone Pure Military Camo;945000;4.71175166297118
Roccat;Kone Pure Military Desert;945000;4.71175166297118
Roccat;Kone Pure Military Naval;945000;4.71175166297118
Roccat;Kone Pure Optical (ROC-11-710-AS);1140000;5.490022172949
Roccat;Kone Pure Orange (ROC-11-700-O-AS);1040000;5.09090909090909
Roccat;Kone Pure Red (ROC-11-700-R-AS);1040000;5.09090909090909
Roccat;Kone Pure White (ROC-11-700-W-AS);1040000;5.09090909090909
Roccat;Kone XTD (ROC-11-810-AS);1390000;6.48780487804878
Roccat;KOVA(+) (ROC-11-520-AS);720000;3.81374722838137
Roccat;LUA (ROC-11-310-AS);460000;2.77605321507761
Roccat;SAVU (ROC-11-600-AS);820000;4.21286031042129
Roccat;Tyon Black;1540000;7.08647450110865
Roccat;Tyon White;1540000;7.08647450110865
Steelseries;Kana V2 ( White / Black );660000;3.57427937915743
Steelseries;Kinzu V2 (retail) Rubberized Black/Yellow/Orange/White;400000;2.53658536585366
Steelseries;Kinzu V3 ( Black / White );505000;2.95565410199557
Steelseries;Rival 100 Black/White/Red/Purple/Green/Proton Yellow;545000;3.11529933481153
Steelseries;Rival 100 Alchemy Gold;545000;3.11529933481153
Steelseries;Rival 100 Dota2 Edition;720000;3.81374722838137
Steelseries;Rival 100 PC Bang with brown box;320000;2.21729490022173
Steelseries;Rival 300 Black / White / Silver (RGB);785000;4.07317073170732
Steelseries;Rival 300 CS GO Hyperbeast (RGB);850000;4.33259423503326
Steelseries;Rival 500 (RGB);985000;4.87139689578714
Steelseries;Rival 700 (RGB);1290000;6.08869179600887
Steelseries;Rival 95 PC BANG;325000;2.23725055432373
Steelseries;Rival Dota2 Edition;860000;4.37250554323725
Steelseries;Rival Fnatic Edition;820000;4.21286031042129
Steelseries;RivalIG;710000;3.77383592017738
Steelseries;Rival White;810000;4.17294900221729
Steelseries;Sensei FNATIC;1285000;6.06873614190687
Steelseries;Sensei LaserColor Spectrum;940000;4.69179600886918
Steelseries;Sensei MLG;1285000;6.06873614190687
Steelseries;Sensei Raw COD;925000;4.63192904656319
Steelseries;Sensei Raw Frost Blue Edition;945000;4.71175166297118
Steelseries;Sensei Raw Glossy;825000;4.23281596452328
Steelseries;Sensei Raw Heat Orange Edition;945000;4.71175166297118
Steelseries;Sensei Raw Heroes of The Storm;985000;4.87139689578714
Steelseries;Sensei Raw Rubber;820000;4.21286031042129
Steelseries;Sensei Raw Tyloo Edition;955000;4.75166297117517
Steelseries;Sensei Wireless;2055000;9.14190687361419
Targus;Armor Mini Blue Trace- AMU097AP-50;55000;1.15964523281596
Targus;U102 Compact BlueTrace Travel AMU102AP;100000;1.33924611973392
Targus;W063 Wireless BlueTrace AMW063AP;130000;1.4589800443459
Targus;Wireless BlueTrace Mice - AMW071AP;205000;1.75831485587583
Targus;Wireless Optical- AMW573AP;115000;1.39911308203991
Toshiba;Pala-Chan Blue LedMouse;50000;1.13968957871397
Toshiba;U30 Optic USB;55000;1.15964523281596
Toshiba;W30 Wireless;110000;1.37915742793792
Ttsports Thermaltake;FP fingerprint sensor Gaming;785000;4.07317073170732
Ttsports Thermaltake;Level 10M;945000;4.71175166297118
Ttsports Thermaltake;Level 10M Advanced;945000;4.71175166297118
Ttsports Thermaltake;Saphira Team DK Special Edition;545000;3.11529933481153
Ttsports Thermaltake;Talon Omron/Black/Color Box;245000;1.9179600886918
Ttsports Thermaltake;Theron Black Red Yellow Green Army;645000;3.51441241685144
Ttsports Thermaltake;Ventus / Ventus X;670000;3.61419068736142
Ttsports Thermaltake;Ventus X RGB;670000;3.61419068736142
Ttsports Thermaltake;Ventus Z;720000;3.81374722838137
Ttsports Thermaltake;Volos ( Black / White );795000;4.11308203991131
VegAsus;G6 GamingMouse;60000;1.17960088691796
Warwolf;Macro Gaming G5;195000;1.71840354767184
Zalman;ZM GM1;395000;2.51662971175166
Zalman;ZM-M 500WL Wireless;390000;2.49667405764967
Zalman;ZM-M200;110000;1.37915742793792
Zalman;ZM-M300;130000;1.4589800443459
