1STPLAYER;BLACKSIR BS300 RED Gaming;210000;1.77827051
1STPLAYER;FIREDANCING GM3 White Gaming;170000;1.618625277
A4TECH;D-100;68000;1.211529933
A4TECH;D-110;64000;1.19556541
A4TECH;D-312;71000;1.223503326
A4TECH;D-320;62000;1.187583149
A4TECH;D-350;57000;1.167627494
A4TECH;D-400;62000;1.187583149
A4TECH;D-500F;68000;1.211529933
A4TECH;D-530FX;71000;1.223503326
A4TECH;D-570FX;73000;1.231485588
A4TECH;D-810 FX;66000;1.203547672
A4TECH;G11-570HX Wireless Holeless;157000;1.566740576
A4TECH;G11-590HX Zero Delay 2.4G Wireless;157000;1.566740576
A4TECH;G9-200F 2.4G Wireless Padless;112000;1.38713969
A4TECH;G9-530HX Wireless;128000;1.450997783
A4TECH;N-100;82000;1.267405765
A4TECH;N-110;69000;1.215521064
A4TECH;N-310 V-Track;61000;1.183592018
A4TECH;N-312;76000;1.24345898
A4TECH;N-320 V-Track;66000;1.203547672
A4TECH;N-321 V-Track;64000;1.19556541
A4TECH;N-350;75000;1.239467849
A4TECH;N-370FX V-Track;71000;1.223503326
A4TECH;N-400;64000;1.19556541
A4TECH;N-556FX V-Track;64000;1.19556541
A4TECH;N-560FX V-Track;64000;1.19556541
A4TECH;N-60F V-Track;66000;1.203547672
A4TECH;N-61FX V-Track;80000;1.259423503
A4TECH;N-810FX;77000;1.247450111
A4TECH;OP-620D PS2 Black V-TRACK;52000;1.14767184
A4TECH;OP-620D USB Black V-TRACK;58000;1.171618625
A4TECH;OP-720 PS2 Black;51000;1.14368071
A4TECH;R4 V-Track Wireless Gaming;235000;1.87804878
A4TECH;TL-80A;425000;2.636363636
A4TECH;X7 XL-747H;235000;1.87804878
A4TECH;X7-F2;222000;1.82616408
A4TECH;X7-F3;230000;1.858093126
A4TECH;X7-F4;220000;1.818181818
A4TECH;X7-F5;220000;1.818181818
A4TECH;X7-F6;220000;1.818181818
A4TECH;X7-F7;225000;1.838137472
Aerocool;Strike-X Combat;115000;1.399113082
Aerocool;Strike-X Freedom;115000;1.399113082
Apple;MagicMouse;1070000;5.210643016
Apple;Magic2;1500000;6.926829268
Asus;R.O.G Cerberus;320000;2.2172949
Asus;R.O.G Gladius;770000;4.013303769
Asus;R.O.G Sica;505000;2.955654102
Asus;R.O.G Spatha;2270000;10
Asus;Strix Claw;720000;3.813747228
AULA;Ghost Shark ( SI989 );145000;1.518847007
AULA;Incubus ( SI-9002 );170000;1.618625277
AULA;Killing The Soul (SI928);105000;1.359201774
AULA;Tian Ji (SI-9010);260000;1.977827051
BenQ ZOWIE;EC1-A Large;880000;4.45232816
BenQ ZOWIE;EC2-A Medium;880000;4.45232816
BenQ ZOWIE;FK1 Large;880000;4.45232816
BenQ ZOWIE;FK1+ Xtra Large;880000;4.45232816
BenQ ZOWIE;FK2 Medium;880000;4.45232816
BenQ ZOWIE;ZA11 Large;880000;4.45232816
BenQ ZOWIE;ZA12 Medium;880000;4.45232816
BenQ ZOWIE;ZA13 Small;880000;4.45232816
Bloody;A60A;310000;2.177383592
Bloody;A6A;285000;2.077605322
Bloody;A90A;290000;2.097560976
Bloody;A91A;285000;2.077605322
Bloody;ML16A;402000;2.544567627
Bloody;R8A;366000;2.400886918
Bloody;T5A;310000;2.177383592
Bloody;TL-8A;360000;2.376940133
Bloody;V2 Gaming Multicore Gun 3;220000;1.818181818
Bloody;V3 Gaming Multicore Gun 3;190000;1.698447894
Bloody;V4 Gaming Multicore Gun 3;220000;1.818181818
Bloody;V4MA;235000;1.87804878
Bloody;V5 Gaming Multicore Gun 3;195000;1.718403548
Bloody;V7MA;235000;1.87804878
Bloody;V8MA;235000;1.87804878
Bloody;ZL-50;425000;2.636363636
CBM;CM 553;25000;1.039911308
Cooler Master;ALCOR;600000;3.33481153
Cooler Master;Havoc GamingMouse;710000;3.77383592
Cooler Master;Mizar;690000;3.694013304
Cooler Master;REAPER AlumuniumMouse;875000;4.432372506
Cooler Master;Recon;600000;3.33481153
Cooler Master;Sentinel III;860000;4.372505543
Cooler Master;Storm InfernoMouse;735000;3.873614191
Cooler Master;Storm Xornet;340000;2.297117517
Cooler Master;Xornet II;415000;2.596452328
Corsair;Gaming Sabre Laser RGB;795000;4.11308204
Corsair;Harpoon RGB Gaming;350000;2.337028825
Corsair;Katar Gaming;495000;2.915742794
Corsair;M65 Pro RGB (Gunmetal Black / Gunmetal White);995000;4.911308204
Corsair;M65 RGB (Gunmetal Black / Arctic White);950000;4.731707317
Corsair;Raptor M30;550000;3.135254989
Corsair;Scimitar RGB Gaming Black-Yellow / Black;1200000;5.729490022
Corsair;Vengeance M95 MMO Gunmetal Black / Arctic White;1040000;5.090909091
Cougar;Gaming200M Orange;170000;1.618625277
Cougar;Gaming400M Grey;435000;2.676274945
Delux;DLM M612;170000;1.618625277
Deluxe;DLM 535 USB;110000;1.379157428
Digital Alliance;G 7 Black / Yellow;190000;1.698447894
Digital Alliance;G 8 avago 5050;170000;1.618625277
Digital Alliance;G 9 avago 5050 macro inside;165000;1.598669623
Ducky Leetgion;EL'Druin Wired Gaming LaserAvago 9500 Chipset;815000;4.192904656
Ducky Leetgion;Hellion Wired Gaming LaserAvago 9500 Chipset;815000;4.192904656
Elephant;Blade Runner;86000;1.283370288
Elephant;Devil Laser;67000;1.207538803
Elephant;Dragonwar Ares Laser Gaming;146000;1.522838137
Elephant;Dragonwar Chaos GamingMouse;183000;1.670509978
Elephant;Dragonwar Reload Gaming with Reload Automatic;194000;1.714412417
Elephant;Dragonwar Thor GamingMouse;183000;1.670509978
Elephant;Dragonwar Unicorn GamingMouse;183000;1.670509978
Elephant;Dragunov Laser Gaming Mouse+Gamepad;136000;1.482926829
Elephant;Leviathan Laser Gaming Mouse+Gamepad;136000;1.482926829
Elephant;Night Hawk;80000;1.259423503
Elephant;Phantom V2 Laser Gaming;433000;2.668292683
Elephant;Rigid Mice GR Laser;50000;1.139689579
Elephant;Sasquatch Silent Blue Laser;103000;1.351219512
Elephant;Warlord Gaming;297000;2.125498891
Gamdias;GMS1100 Zeus Gaming Laser;467000;2.803991131
Gamdias;GMS5000 Demeter Optical Gaming;114000;1.395121951
Gamdias;GMS5101 Apollo;232000;1.866075388
Gamdias;GMS5500 Ourea Optical GamingMouse;133000;1.470953437
Gamdias;GMS7001 Hades Optical Gaming;190000;1.698447894
Gamdias;GMS7011 Hades Laser Gaming;219000;1.814190687
Gamdias;ZEUS-E1 (Dual RGB);459000;2.772062084
Gamdias;ZEUS-P1 (Dual RGB);780000;4.053215078
GENIUS;Ammox X1-400 GamingMouse;310000;2.177383592
GENIUS;DX-ECO Blue Eye;175000;1.638580931
GENIUS;SCORPION M6-600 WGBLK+OR GamingMouse;480000;2.855875831
GENIUS;NX-ECO Blue Eye;155000;1.558758315
GENIUS;SCORPION M6-600 WGBLK GamingMouse;480000;2.855875831
GENIUS;SCORPION M6-600 WGWH+OR GamingMouse;480000;2.855875831
GENIUS;X-G200 GamingMouse;124000;1.435033259
Gigabyte;Aire M77 Wireless;204000;1.754323725
Gigabyte;Aivia M8600 Wired Wireless;950000;4.731707317
Gigabyte;Force M9 Ice Wireless;391000;2.500665188
Gigabyte;Ghost M8000X Wired;480000;2.855875831
Gigabyte;GM-M7580 Wireless;146000;1.522838137
Gigabyte;GM-XM300;600000;3.33481153
Gigabyte;Krypton Wired;956000;4.755654102
Gigabyte;M5050 Curvy OpticalMouse;65000;1.199556541
Gigabyte;Pro-Laser GM-M6980 Wired;404000;2.552549889
Gigabyte;Xenon TouchpadMouse;482000;2.863858093
I-Rock;IR-7561;158000;1.570731707
I-Rock;IR-7572;235000;1.87804878
I-Rock;IR-7610;164000;1.594678492
I-Rock;IR-7810L;169000;1.614634146
I-Rock;IRM O5 WP-EL Breathing LightGaming;653000;3.546341463
I-Rock;M09 Gaming Mice;275000;2.037694013
Lenovo;Dual Mode Wireless TouchN700 (Black);550000;3.135254989
Lenovo;Dual Mode Wireless TouchN700 (Orange);550000;3.135254989
Lenovo;OpticalM110 IN Black;63000;1.191574279
Lenovo;OpticalM3803A (WW-b);80000;1.259423503
Lenovo;WirelessN100 Black;150000;1.538802661
Lenovo;WirelessN3903 (Cherry-Red);230000;1.858093126
Lenovo;WirelessN3903 (Coral-Blue);230000;1.858093126
Lenovo;WirelessN3903A (EM-Black);230000;1.858093126
LOGITECH;B100 Optical USB Black;58000;1.171618625
LOGITECH;G102 Prodigy Gaming;280000;2.057649667
LOGITECH;G300s GamingMouse;240000;1.898004435
LOGITECH;G302 Gaming;495000;2.915742794
LOGITECH;G402 Gaming;550000;3.135254989
LOGITECH;G403 Prodigy Gaming;880000;4.45232816
LOGITECH;G403 Prodigy Wired / Wireless Gaming;1290000;6.088691796
LOGITECH;G502 Proteus Core;960000;4.771618625
LOGITECH;G502 Proteus Spectrum;975000;4.831485588
LOGITECH;G600 GamingMouse;805000;4.152993348
LOGITECH;G602 Wireless GamingMouse;885000;4.472283814
LOGITECH;G700s Wireless GamingMouse;1175000;5.629711752
LOGITECH;G90 Gaming;205000;1.758314856
LOGITECH;G900 Chaos Spectrum;1965000;8.7827051
LOGITECH;M100R;68000;1.211529933
LOGITECH;M105;77000;1.247450111
LOGITECH;M165 Wireless;113000;1.39113082
LOGITECH;M170 Wireless Black;115000;1.399113082
LOGITECH;M171 Wireless;135000;1.478935698
LOGITECH;M185 Wireless;145000;1.518847007
LOGITECH;M187 Wireless Black White Red Blue orange;142000;1.506873614
LOGITECH;M221 Silent Wireless Charcoal / Blue / Red;169000;1.614634146
LOGITECH;M235 Wireless;185000;1.678492239
LOGITECH;M238 Wireless Owl / Fox / Monkey / Red/ Blue;165000;1.598669623
LOGITECH;M238 Wireless - Popsicles/Flamingo/Toucan/Gorila/Spaceman/Cocktail;180000;1.658536585
LOGITECH;M280 Wireless Black Blue Red;178000;1.650554324
LOGITECH;M325 Wireless Dark Silver Light Silver Peacock Blue Dusty Rose;245000;1.917960089
LOGITECH;M331 Wireless;190000;1.698447894
LOGITECH;M337 Bluetooth Blue Red Black;285000;2.077605322
LOGITECH;M545 Wireless Black Red Blue;290000;2.097560976
LOGITECH;M557 Bluetooth Dark Gray Pearl White;345000;2.317073171
LOGITECH;M720 Triathlon;690000;3.694013304
LOGITECH;M90 Optical USBDark Grey;70000;1.219512195
LOGITECH;M950T PerformanceMouse;1405000;6.54767184
LOGITECH;MX Anywhere 2 Wireless;950000;4.731707317
LOGITECH;T400 TouchMouse;235000;1.87804878
LOGITECH;T630 Ultrathin TouchBlack;730000;3.853658537
LOGITECH;Trackman Marble Optic 2 Button;300000;2.137472284
Mad Catz;PC MCZ M.M.O.7 GamingMouse;1975000;8.822616408
Mad Catz;PC MCZ M.M.O.7 Gaming Mouse-white;1975000;8.822616408
Mad Catz;PC MCZ M.M.O.7- Gloss black;1975000;8.822616408
Mad Catz;PC MCZ M.M.O.7- Red;1975000;8.822616408
Mad Catz;PC MCZ M.M.O.TE- Matte Blk;1165000;5.589800443
Mad Catz;PC MCZ M.O.U.S.9 - Gloss Black;1795000;8.10421286
Mad Catz;PC MCZ M.O.U.S.9 - Mattle Black;1795000;8.10421286
Mad Catz;PC MCZ M.O.U.S.9 - Red;1795000;8.10421286
Mad Catz;PC MCZ M.O.U.S.9 - White;1795000;8.10421286
Mad Catz;PC MCZ R.A.T. 7 Gaming Mouse-Mattle black;1480000;6.847006652
Mad Catz;PC MCZ R.A.T. 9 Mouse-Mattle black;2025000;9.022172949
Mad Catz;PC MCZ R.A.T.3- Gloss Black;815000;4.192904656
Mad Catz;PC MCZ R.A.T.3- Matte Blk;815000;4.192904656
Mad Catz;PC MCZ R.A.T.3- Red;815000;4.192904656
Mad Catz;PC MCZ R.A.T.3- White;815000;4.192904656
Mad Catz;PC MCZ R.A.T.5 Gaming Mouse-Mattle black;1040000;5.090909091
Mad Catz;PC MCZ R.A.T.5- Gloss Black;1040000;5.090909091
Mad Catz;PC MCZ R.A.T.5- Red;1040000;5.090909091
Mad Catz;PC MCZ R.A.T.5- White;1040000;5.090909091
Mad Catz;PC MCZ R.A.T.7 Gaming- Contagion Edition;1480000;6.847006652
Mad Catz;PC MCZ R.A.T.7- Gls Blk;1480000;6.847006652
Mad Catz;PC MCZ R.A.T.7- Red;1480000;6.847006652
Mad Catz;PC MCZ R.A.T.7 Mouse-Infection Edition;1525000;7.026607539
Mad Catz;PC MCZ R.A.T.9- Gloss Black;2025000;9.022172949
Mad Catz;PC MCZ R.A.T.9- Red;2025000;9.022172949
Mad Catz;PC MCZ R.A.T.9- White;2025000;9.022172949
Mad Catz;PC MCZ R.A.T.M- Gloss Blk;1795000;8.10421286
Mad Catz;PC MCZ R.A.T.M- Mattle Blk;1795000;8.10421286
Mad Catz;PC MCZ R.A.T.M- Red;1795000;8.10421286
Mad Catz;PC MCZ R.A.T.M- White;1795000;8.10421286
Mad Catz;PC MCZ R.A.T.TE- Matte Blk;1110000;5.370288248
Marvo;G801 Gaming;145000;1.518847007
Marvo;G905 Gaming;275000;2.037694013
Marvo;G906 Gaming;251000;1.941906874
Marvo;G908 Gaming;505000;2.955654102
Marvo;G909H BK Optical Gaming;106000;1.363192905
Marvo;G920 BK Optical Gaming;194000;1.714412417
Marvo;G922 Gaming;177000;1.646563193
Marvo;M309 Free Mousepad GamingMouse;111000;1.383148559
Marvo;M316 Optical Gaming;85000;1.279379157
Marvo;M416 Optical Gaming;100000;1.33924612
Marvo;M906 / M306 Gaming;85000;1.279379157
Marvo;M907 Wired 6D Optical Gaming;99000;1.335254989
Marvo;M908 Gaming;235000;1.87804878
Marvo;M910 / M310 Gaming;79000;1.255432373
Marvo;M912 / M212 Gaming;74000;1.235476718
Marvo;M915 / M315 free Mousepad;99000;1.335254989
Marvo;M916 free Mousepad;130000;1.458980044
Marvo;M918 / M418 Gaming;92000;1.307317073
Marvo;M919 / M319 Gaming;89000;1.295343681
Marvo;M925 Optical Gaming;77000;1.247450111
MicroPack;BT-2067R Blue TechMouse;69000;1.215521064
MicroPack;BT-369 Blue-Tech;69000;1.215521064
MicroPack;BT-396 Blue TechMouse;69000;1.215521064
MicroPack;BT-799 Bridge 2.4Ghz Wireless;109000;1.375166297
MicroPack;BT-Y2007 Blue TechMouse;69000;1.215521064
MicroPack;BT-Y2075R Rectratable Blue TechMouse;69000;1.215521064
MicroPack;BT-Y2076 Blue TechMouse;69000;1.215521064
MicroPack;G-2 Terminator+Mouse Pad GamingMouse;250000;1.937915743
MicroPack;G-3 7D GamingMouse;130000;1.458980044
MicroPack;G-4M 9D Gaming;230000;1.858093126
MicroPack;HUB 266+MP-36RMini  Usb Hub 2.0;80000;1.259423503
MicroPack;M101;47000;1.127716186
MicroPack;M102;47000;1.127716186
MicroPack;MP-081 Double LaserMouse;63000;1.191574279
MicroPack;MP-2061R Rectractable Double LaserMouse;63000;1.191574279
MicroPack;MP-296R Rectractable Double LaserMouse;63000;1.191574279
MicroPack;MP-297;63000;1.191574279
MicroPack;MP-3083 Double LaserMouse;63000;1.191574279
MicroPack;MP-313G+(Mouse Pad) LaserMouse;63000;1.191574279
MicroPack;MP-4023 (5D) GamingMouse;75000;1.239467849
MicroPack;MP-4721W Colorful 2.4Ghz Wireless;95000;1.319290466
MicroPack;MP-476D (6D) GamingMouse;90000;1.299334812
MicroPack;MP-766W+Mouse Pad WirelessMouse;100000;1.33924612
MicroPack;MP-769W WirelessMouse;95000;1.319290466
MicroPack;MP-770 (Silent Mouse+Mouse Pad) Double LaserMouse;63000;1.191574279
MicroPack;MP-776W WirelessMouse;95000;1.319290466
MicroPack;MP-791W 2.4Ghz Wireless;100000;1.33924612
MicroPack;MP-795W Gaming 2.4Ghz Wireless;100000;1.33924612
MicroPack;MP-Y209R+(Mouse Pad) Double LaserMouse;63000;1.191574279
MicroPack;MP-Y212R Rectractable Double LaserMouse;46000;1.123725055
MicroPack;MP-Y237 Double Laser;63000;1.191574279
MicroPack;MP-Y279R+(Mouse Pad) Double LaserMouse;63000;1.191574279
MicroPack;MP-Y4020 (6D) GamingMouse;70000;1.219512195
MicroPack;MP-Y80R Rectractable Double LaserMouse;46000;1.123725055
MicroPack;MP-Y81R Rectractable Double LaserMouse;63000;1.191574279
MicroPack;MP-Y89W Wireless;95000;1.319290466
Microsoft;ARC Touch Wireless;881000;4.45631929
Microsoft;Compact500 USB;133000;1.470953437
Microsoft;Explorer TouchMouse;340000;2.297117517
Microsoft;Mobile1850 Wireless;240000;1.898004435
Microsoft;Mobile3500 Bluetrack Wireless;370000;2.416851441
Microsoft;Mobile3500 Wireless;296000;2.121507761
Microsoft;Sculpt MobileMouse;353000;2.349002217
Microsoft;Sculpt Touch BluetoothMouse;415000;2.596452328
Mionix;Avior 7000 Gaming;985000;4.871396896
Mionix;Avior 8200 Gaming;1095000;5.310421286
Mionix;Avior SK Gaming;1095000;5.310421286
Mionix;Naos 7000 Gaming;965000;4.791574279
Mionix;Naos 8200 Gaming;1165000;5.589800443
MSI;DS100 Gaming;365000;2.396895787
MSI;DS200 Gaming;645000;3.514412417
MSI;DS300 Gaming;975000;4.831485588
NYK;Gaming G-02;52000;1.14767184
NYK;Gaming G-07;65000;1.199556541
NZXT;Avatar S Black;500000;2.935698448
NZXT;Avatar S White;500000;2.935698448
OEMPS2;Standard;25000;1.039911308
Okaya;G-1000;78000;1.251441242
Okaya;G-100L Gaming;206000;1.762305987
Okaya;G-200L Gaming;144000;1.514855876
Okaya;G-300U;88000;1.29135255
Okaya;G-400U;88000;1.29135255
Okaya;G-500L;88000;1.29135255
Okaya;G-600U;82000;1.267405765
Okaya;G-700U;70000;1.219512195
Okaya;G-800U;73000;1.231485588
Okaya;G-900 Gaming;140000;1.498891353
Okaya;MOK-017 USB;54000;1.155654102
Ozone;Argon RGB Gaming;865000;4.392461197
Power;S616;15000;1
Power;Tarik;23000;1.031929047
Power;Tidak Tarik;21000;1.023946785
Power;Logic 2GO AIR Wireless;73000;1.231485588
Power;Logic 2GO Zero;98000;1.331263858
Power;Logic 2GO Zero Flek;118000;1.411086475
Power;Logic Air 20 Wireless;118000;1.411086475
Power;Logic Air Shark Wireless;110000;1.379157428
Power;Logic Armageddon Alien G11;538000;3.087361419
Power;Logic Armageddon Alien G13Mouse;878000;4.444345898
Power;Logic Armageddon Alien G17;668000;3.606208426
Power;Logic Armageddon Alien G5 2000cpi;243000;1.909977827
Power;Logic Armageddon Alien G9 X;368000;2.40886918
Power;Logic Armageddon Aquila X / X1 / X2 GamingMouse;268000;2.009756098
Power;Logic Armageddon HAVOC III 4000 cpi Macro;293000;2.109534368
Power;Logic Armageddon HAVOC III 5000 cpi Macro;378000;2.448780488
Power;Logic Armageddon Mikoyan Foxbat GamingMouse;318000;2.209312639
Power;Logic Armageddon Phantom GamingMouse;413000;2.588470067
Power;Logic Armageddon STARSHIP III;633000;3.466518847
Power;Logic ASIC 1 / 2 USB;53000;1.151662971
Power;Logic ASIC 5 / 6 USB;58000;1.171618625
Power;Logic Beetle 2.4Ghz Wireless;148000;1.530820399
Power;Logic Beetle USB;68000;1.211529933
Power;Logic GMO 3;143000;1.510864745
Power;Logic GMX - 1 A;88000;1.29135255
Power;Logic GMX - 1 Predator;143000;1.510864745
Power;Logic GMX - 7;178000;1.650554324
Power;Logic GMX - 9;198000;1.73037694
Power;Logic GMX-3 GamingLaser 1600Dpi;113000;1.39113082
Power;Logic GXR-5 Wireless;173000;1.63059867
Power;Logic GXR-6 Wireless;173000;1.63059867
Power;Logic Neon 3;140000;1.498891353
Power;Logic Shark;58000;1.171618625
Power;Logic X-Craft Quantum Z7000;100000;1.33924612
Power;Logic X-Craft Trek 1000 Free Mousemat;100000;1.33924612
Power;Logic X-Craft Tron 5000 Free Mousemat;100000;1.33924612
Power;Logic X-Craft Twilight 2000 Free Mousemat;100000;1.33924612
Power;Logic X-Craft Z8000NOIZ;100000;1.33924612
Power;Pro Standard USB;19000;1.015964523
Prolink;PKGM9101;377000;2.444789357
Prolink;PKGM9301;402000;2.544567627
Prolink;PMC1001/1002;64000;1.19556541
Prolink;PMG9002 - Illuminated GamingMouse;90000;1.299334812
Prolink;PMG9003 - Illuminated GamingMouse;90000;1.299334812
Prolink;PMG9501 - Illuminated GamingMouse;205000;1.758314856
Prolink;PMG9801L - Laser GamingMouse;610000;3.374722838
Prolink;PMG9802L - Laser GamingMouse;550000;3.135254989
Prolink;PMO 628U USB;53000;1.151662971
Prolink;PMO630U;57000;1.167627494
Prolink;PMR3001;62000;1.187583149
Prolink;PMW5002/6001;97000;1.327272727
Prolink;POG1001S;170000;1.618625277
Rapoo;1090p (5G Wireless Entry Level 3 Key- Black);147000;1.526829268
Rapoo;1090p (5G Wireless Entry Level 3 Key- Blue);147000;1.526829268
Rapoo;1090p (5G Wireless Entry Level 3 Key- Gray);147000;1.526829268
Rapoo;1090p (5G Wireless Entry Level 3 Key- Red);147000;1.526829268
Rapoo;1090p (5G Wireless Entry Level 3 Key- White / Orange);147000;1.526829268
Rapoo;1100X Wired OpticalUSB;50000;1.139689579
Rapoo;1190 (2.4G Wireless Entry level 3 key- Black);105000;1.359201774
Rapoo;1190 (2.4G Wireless Entry level 3 key- Blue);105000;1.359201774
Rapoo;1190 (2.4G Wireless Entry level 3 key- Red);105000;1.359201774
Rapoo;3000p (5G Wireless Mid Level 3 key- Blue);189000;1.694456763
Rapoo;3000p (5G Wireless Mid Level 3 key- Gray);189000;1.694456763
Rapoo;3000p (5G Wireless Mid Level 3 key- Red);189000;1.694456763
Rapoo;3000p (5G Wireless Mid Level 3 key- Yellow);189000;1.694456763
Rapoo;3100p (5G Wireless Mid Level 3 key- Black);199000;1.734368071
Rapoo;3100p (5G Wireless Mid Level 3 key- Blue);199000;1.734368071
Rapoo;3100p (5G Wireless Mid Level 3 key- White);199000;1.734368071
Rapoo;3360 (2.4G Wireless Super Mini- Black);146000;1.522838137
Rapoo;3360 (2.4G Wireless Super Mini- Blue);146000;1.522838137
Rapoo;3360 (2.4G Wireless Super Mini- White Orange (White));146000;1.522838137
Rapoo;3360 (2.4G Wireless Super Mini- White silver);146000;1.522838137
Rapoo;3360 (2.4G Wireless Super Mini- Yellow);146000;1.522838137
Rapoo;3500p (5.8G Wireless Mid Level mouse);174000;1.6345898
Rapoo;3920p (5G Wireless Laser- Black);451000;2.740133038
Rapoo;7100p (Wireless Optical- Black );228000;1.850110865
Rapoo;7100p (Wireless Optical- Grey );228000;1.850110865
Rapoo;7200p (5.8G Wireless 6 key mouse);240000;1.898004435
Rapoo;7200P Wireless;240000;1.898004435
Rapoo;M10 Wireless;125000;1.43902439
Rapoo;M11 Wireless;110000;1.379157428
Rapoo;N1162 Wired Optical;57000;1.167627494
Rapoo;N6000 Wired Optical;67000;1.207538803
Razer;Abyssus 1800 (Bundle Goliathus Small Speed);615000;3.394678492
Razer;Abyssus 2014;675000;3.634146341
Razer;Abyssus 2014+Goliathus Medium Speed/ControlPad;890000;4.492239468
Razer;Abyssus 2014+Goliathus Small SpeedPad;850000;4.332594235
Razer;Abyssus+Sphex;840000;4.292682927
Razer;Bungee;305000;2.157427938
Razer;DeathAdder Chroma;1100000;5.33037694
Razer;DeathAdder 2013;800000;4.133037694
Razer;DeathAdder Chroma (Call of Duty: Black Ops III);1190000;5.689578714
Razer;Deathadder Chroma+Goliathus Medium Speed/ControlPad;1240000;5.889135255
Razer;DeathAdder eSports Edition - Counter Logic Gaming;880000;4.45232816
Razer;Deathadder World of Tanks;915000;4.592017738
Razer;Diamondback Chroma;1310000;6.168514412
Razer;Imperator 4G;1040000;5.090909091
Razer;Krait 2013;510000;2.975609756
Razer;Mamba;2045000;9.101995565
Razer;Mamba 16000;2125000;9.421286031
Razer;Mamba TE;1310000;6.168514412
Razer;Naga 2012 Edition;890000;4.492239468
Razer;Naga 2014;1240000;5.889135255
Razer;Naga Chroma;1210000;5.76940133
Razer;Naga Epic Chroma Wireless;2035000;9.062084257
Razer;Naga Hex Green/Red;1060000;5.170731707
Razer;Orochi 2013;910000;4.572062084
Razer;Orochi 8200;1120000;5.410199557
Razer;Ouroboros;2085000;9.261640798
Razer;Taipan;1245000;5.909090909
Razer;Taipan Battlefield 4 Collectors Edition;1170000;5.609756098
Razer;Taipan White;1245000;5.909090909
Rexus;G3;53000;1.151662971
Rexus;G4 Gaming;70000;1.219512195
Rexus;G5 Gaming;75000;1.239467849
Rexus;G6 Gaming;75000;1.239467849
Rexus;G7 Gaming;85000;1.279379157
Rexus;G8 Viper Gaming;90000;1.299334812
Rexus;Macro TX7 Gaming;170000;1.618625277
Rexus;RX-110 / 111A Avenger Wireless;85000;1.279379157
Rexus;S5 Aviator Wireless Gaming;85000;1.279379157
Rexus;TX1 Macro;185000;1.678492239
Rexus;X2 Gaming;80000;1.259423503
Rexus;X5 Gaming;85000;1.279379157
Roccat;Kone Pure Black (ROC-11-700-AS);1040000;5.090909091
Roccat;Kone Pure Blue (ROC-11-700-B-AS);1040000;5.090909091
Roccat;Kone Pure Military Camo;945000;4.711751663
Roccat;Kone Pure Military Desert;945000;4.711751663
Roccat;Kone Pure Military Naval;945000;4.711751663
Roccat;Kone Pure Optical (ROC-11-710-AS);1140000;5.490022173
Roccat;Kone Pure Orange (ROC-11-700-O-AS);1040000;5.090909091
Roccat;Kone Pure Red (ROC-11-700-R-AS);1040000;5.090909091
Roccat;Kone Pure White (ROC-11-700-W-AS);1040000;5.090909091
Roccat;Kone XTD (ROC-11-810-AS);1390000;6.487804878
Roccat;KOVA(+) (ROC-11-520-AS);720000;3.813747228
Roccat;LUA (ROC-11-310-AS);460000;2.776053215
Roccat;SAVU (ROC-11-600-AS);820000;4.21286031
Roccat;Tyon Black;1540000;7.086474501
Roccat;Tyon White;1540000;7.086474501
Steelseries;Kana V2 ( White / Black );660000;3.574279379
Steelseries;Kinzu V2 (retail) Rubberized Black/Yellow/Orange/White;400000;2.536585366
Steelseries;Kinzu V3 ( Black / White );505000;2.955654102
Steelseries;Rival 100 Black/White/Red/Purple/Green/Proton Yellow;545000;3.115299335
Steelseries;Rival 100 Alchemy Gold;545000;3.115299335
Steelseries;Rival 100 Dota2 Edition;720000;3.813747228
Steelseries;Rival 100 PC Bang with brown box;320000;2.2172949
Steelseries;Rival 300 Black / White / Silver (RGB);785000;4.073170732
Steelseries;Rival 300 CS GO Hyperbeast (RGB);850000;4.332594235
Steelseries;Rival 500 (RGB);985000;4.871396896
Steelseries;Rival 700 (RGB);1290000;6.088691796
Steelseries;Rival 95 PC BANG;325000;2.237250554
Steelseries;Rival Dota2 Edition;860000;4.372505543
Steelseries;Rival Fnatic Edition;820000;4.21286031
Steelseries;RivalIG;710000;3.77383592
Steelseries;Rival White;810000;4.172949002
Steelseries;Sensei FNATIC;1285000;6.068736142
Steelseries;Sensei LaserColor Spectrum;940000;4.691796009
Steelseries;Sensei MLG;1285000;6.068736142
Steelseries;Sensei Raw COD;925000;4.631929047
Steelseries;Sensei Raw Frost Blue Edition;945000;4.711751663
Steelseries;Sensei Raw Glossy;825000;4.232815965
Steelseries;Sensei Raw Heat Orange Edition;945000;4.711751663
Steelseries;Sensei Raw Heroes of The Storm;985000;4.871396896
Steelseries;Sensei Raw Rubber;820000;4.21286031
Steelseries;Sensei Raw Tyloo Edition;955000;4.751662971
Steelseries;Sensei Wireless;2055000;9.141906874
Targus;Armor Mini Blue Trace- AMU097AP-50;55000;1.159645233
Targus;U102 Compact BlueTrace Travel AMU102AP;100000;1.33924612
Targus;W063 Wireless BlueTrace AMW063AP;130000;1.458980044
Targus;Wireless BlueTrace Mice - AMW071AP;205000;1.758314856
Targus;Wireless Optical- AMW573AP;115000;1.399113082
Toshiba;Pala-Chan Blue LedMouse;50000;1.139689579
Toshiba;U30 Optic USB;55000;1.159645233
Toshiba;W30 Wireless;110000;1.379157428
Ttsports Thermaltake;FP fingerprint sensor Gaming;785000;4.073170732
Ttsports Thermaltake;Level 10M;945000;4.711751663
Ttsports Thermaltake;Level 10M Advanced;945000;4.711751663
Ttsports Thermaltake;Saphira Team DK Special Edition;545000;3.115299335
Ttsports Thermaltake;Talon Omron/Black/Color Box;245000;1.917960089
Ttsports Thermaltake;Theron Black Red Yellow Green Army;645000;3.514412417
Ttsports Thermaltake;Ventus / Ventus X;670000;3.614190687
Ttsports Thermaltake;Ventus X RGB;670000;3.614190687
Ttsports Thermaltake;Ventus Z;720000;3.813747228
Ttsports Thermaltake;Volos ( Black / White );795000;4.11308204
VegAsus;G6 GamingMouse;60000;1.179600887
Warwolf;Macro Gaming G5;195000;1.718403548
Zalman;ZM GM1;395000;2.516629712
Zalman;ZM-M 500WL Wireless;390000;2.496674058
Zalman;ZM-M200;110000;1.379157428
Zalman;ZM-M300;130000;1.458980044
