Ace Power;Phoenix;2;300000;1.193877551
Aerocool;CyborgX;2;974000;1.881632653
Aerocool;Ferrum;2;571000;1.470408163
Aerocool;Mechatron White;2;1105000;2.015306122
Aerocool;QS-200 Advance;2;525000;1.423469388
Aerocool;QS-200 Lite;2;466000;1.363265306
Aerocool;QS-200 Lite White;2;465000;1.362244898
Aerocool;RS-4 Casing;2;647000;1.547959184
Aerocool;RS-9;2;665000;1.566326531
Aerocool;Sixth element-White;2;961000;1.868367347
Aerocool;Strike-X GT Devil Red;2;635000;1.535714286
Aerocool;Strike-X Advance White / Black;2;862000;1.767346939
Aerocool;Strike-X Air;2;1245000;2.158163265
Aerocool;Strike-X Black-Black / Black-Red;2;883000;1.78877551
Aerocool;Strike-X One Advance;2;470000;1.367346939
Aerocool;Strike-X One Army;2;587000;1.486734694
Aerocool;Strike-X Xtreme White;2;853000;1.758163265
Aerocool;Telum White;2;763000;1.666326531
Aerocool;V3X Advance;2;316000;1.210204082
Aerocool;VS-3 Advance;2;520000;1.418367347
Aerocool;VS-4;2;466000;1.363265306
Aerocool;VS-92 White;2;574000;1.473469388
Aerocool;Xpredator X1 Devil Red;2;718000;1.620408163
Aerocool;Xpredator X1 Evil Black;2;718000;1.620408163
Aerocool;Xpredator X1 White;2;754000;1.657142857
Aerocool;Xpredator X3 White;2;1181000;2.092857143
Azza;Spartan;2;450000;1.346938776
Azza;Toledo;2;630000;1.530612245
Bitfenix;Aegis Black/White/Blue/Red/Yellow;2;1150000;2.06122449
Bitfenix;Aurora Black / White;2;1385000;2.301020408
Bitfenix;Colossus Black;2;1455000;2.37244898
Bitfenix;Comrade Black  White;2;505000;1.403061224
Bitfenix;Comrade Window Black / White;2;580000;1.479591837
Bitfenix;Ghost Black;2;1290000;2.204081633
Bitfenix;Merc Alpha;2;645000;1.545918367
Bitfenix;Neos White/White  Black/Silver;2;550000;1.448979592
Bitfenix;Neos Window Black-Gold/Black-Black/Black-Blue/Black-Red/Black-Silver;2;635000;1.535714286
Bitfenix;Neos Window White White-Blue/White-Red/White-Silver/White-Purple;2;635000;1.535714286
Bitfenix;Nova Black / White;2;475000;1.37244898
Bitfenix;Nova Window Black / White;2;546000;1.444897959
Bitfenix;Outlaw Black;2;735000;1.637755102
Bitfenix;Pandora Window Black;2;1885000;2.81122449
Bitfenix;Pandora Core Window Black/Silver;2;1385000;2.301020408
Bitfenix;Pandora Window Black/Silver;2;1585000;2.505102041
Bitfenix;Phenom Black;2;1185000;2.096938776
Bitfenix;Phenom White;2;1050000;1.959183673
Bitfenix;Prodigy M Black;2;1025000;1.933673469
Bitfenix;Prodigy M White;2;1025000;1.933673469
Bitfenix;Prodigy M Window Black/White/Red/Orange/Blue/Green;2;1240000;2.153061224
Bitfenix;Raider Window Black;2;1270000;2.183673469
Bitfenix;Raider Window Gunmetal;2;1295000;2.209183673
Bitfenix;Ronin Black;2;1285000;2.198979592
Bitfenix;Shadow Black;2;850000;1.755102041
Bitfenix;Shadow Window Blac;2;983000;1.890816327
Bitfenix;Shinobi Black;2;850000;1.755102041
Bitfenix;Shinobi Window Black / White;2;1070000;1.979591837
Cooler Master;CM 693 Green / White;2;1500000;2.418367347
Cooler Master;CM 693;2;1460000;2.37755102
Cooler Master;CMP 102C;2;460000;1.357142857
Cooler Master;Elite 311;2;650000;1.551020408
Cooler Master;Elite 431;2;750000;1.653061224
Cooler Master;Enforcer SGC-1000-KWN1;2;1310000;2.224489796
Cooler Master;HAF 912 Combat;2;1090000;2
Cooler Master;HAF XB EVO;2;1560000;2.479591837
Cooler Master;K 282 Black;2;899000;1.805102041
Cooler Master;K350 Gaming Chassis;2;660000;1.56122449
Cooler Master;K380 Gaming;2;819000;1.723469388
Cooler Master;MASTER BOX 5;2;1350000;2.265306122
Cooler Master;MASTER BOX 5 White;2;1350000;2.265306122
Cooler Master;MASTER BOX Lite 3;2;620000;1.520408163
Cooler Master;MASTER CASE 5;2;1650000;2.571428571
Cooler Master;MASTER CASE MAKER 5;2;2895000;3.841836735
Cooler Master;MASTER CASE PRO 3;2;1500000;2.418367347
Cooler Master;MASTER CASE PRO 5;2;2130000;3.06122449
Cooler Master;MASTER CASE PRO 5 Nvidia;2;2355000;3.290816327
Cooler Master;N400;2;800000;1.704081633
Cooler Master;Storm Scout 2 Black;2;1430000;2.346938776
Corsair;Carbide 200R;2;960000;1.867346939
Corsair;Carbide 270R Black;2;1105000;2.015306122
Corsair;Carbide 300R Window;2;1210000;2.12244898
Corsair;Carbide 400C;2;1560000;2.479591837
Corsair;Carbide 400R;2;1360000;2.275510204
Corsair;Carbide 500R White;2;1805000;2.729591837
Corsair;Carbide 600C;2;2060000;2.989795918
Corsair;Carbide 600Q;2;2060000;2.989795918
Corsair;Carbide 88R;2;835000;1.739795918
Corsair;Carbide Air 240;2;1385000;2.301020408
Corsair;Carbide Air 740;2;2560000;3.5
Corsair;Carbide SPEC-01;2;835000;1.739795918
Corsair;Carbide SPEC-02;2;955000;1.862244898
Corsair;Carbide SPEC-03;2;955000;1.862244898
Corsair;Carbide SPEC-Alpha (Black Silver/Red White);2;1210000;2.12244898
Corsair;Carbide SPEC-M2;2;860000;1.765306122
Corsair;Crystal 460X RGB;2;2110000;3.040816327
Corsair;Crystal 570X RGB;2;2705000;3.647959184
Corsair;Graphite 780T Black / White;2;2835000;3.780612245
Corsair;Obsidian 350D;2;1585000;2.505102041
Corsair;Obsidian 450D;2;1735000;2.658163265
CUBE GAMING;AURUS WHITE;2;470000;1.367346939
CUBE GAMING;Cayenne Black;2;580000;1.479591837
CUBE GAMING;ELBRUS Black / WHITE;2;460000;1.357142857
CUBE GAMING;Finstera White / Black;2;475000;1.37244898
CUBE GAMING;LUXE;2;385000;1.280612245
CUBE GAMING;MYTHOS;2;425000;1.321428571
CUBE GAMING;RGB CABRION;2;645000;1.545918367
CUBE GAMING;VRed Black;2;320000;1.214285714
CUBE GAMING;Weiss Black;2;405000;1.301020408
Dazumba;D-vito 810;2;435000;1.331632653
Dazumba;D-Vito 510;2;290000;1.183673469
Dazumba;D-Vito 520;2;290000;1.183673469
Dazumba;D-Vito 530;2;290000;1.183673469
Dazumba;D-Vito 683;2;350000;1.244897959
Dazumba;D-Vito 685;2;350000;1.244897959
Dazumba;D-Vito 689;2;350000;1.244897959
Dazumba;D-Vito 691;2;345000;1.239795918
Dazumba;D-Vito 696;2;345000;1.239795918
Dazumba;DE 503;2;240000;1.132653061
Dazumba;DE-310;2;200000;1.091836735
Dazumba;DE-330;2;200000;1.091836735
Dazumba;DE-350;2;200000;1.091836735
Dazumba;DE-360;2;200000;1.091836735
Dazumba;DE-370;2;200000;1.091836735
Dazumba;DE-380;2;200000;1.091836735
Dazumba;DE-390;2;200000;1.091836735
Dazumba;DE-505;2;240000;1.132653061
Dazumba;DE-620;2;225000;1.117346939
Dazumba;DE-650;2;225000;1.117346939
Dazumba;DE-660;2;225000;1.117346939
Dazumba;DE-670;2;225000;1.117346939
Dazumba;DE-680;2;225000;1.117346939
Dazumba;DE-690;2;235000;1.12755102
Dazumba;DE-691;2;225000;1.117346939
Dazumba;DE-692;2;235000;1.12755102
Deepcool;Genome ver.1;2;2897000;3.843877551
Deepcool;Genome ver.2;2;3038000;3.987755102
Deepcool;Tesseract;2;571000;1.470408163
Deluxe;ME-879;2;295000;1.18877551
Deluxe;Spartacus;2;525000;1.423469388
Digital Alliance;Gaming Case 6002B;2;290000;1.183673469
Digital Alliance;Gaming Case 6009B;2;300000;1.193877551
Digital Alliance;Gaming Case 8233B;2;590000;1.489795918
Digital Alliance;Gaming Case N10B;2;310000;1.204081633
Digital Alliance;Gaming Case N10W;2;325000;1.219387755
Digital Alliance;Gaming Case N8B;2;405000;1.301020408
Digital Alliance;Gaming Quake C17 Black;2;385000;1.280612245
Digital Alliance;Gaming Quake C17 White;2;400000;1.295918367
Digital Alliance;Gaming Quake C18 Black;2;380000;1.275510204
Digital Alliance;Gaming Quake C18 White;2;395000;1.290816327
Digital Alliance;N7;2;400000;1.295918367
Enlight;EN-4119;2;430000;1.326530612
Enlight;EN-4120;2;495000;1.392857143
EVGA;DG-85;2;3210000;4.163265306
EVGA;DG-87;2;3910000;4.87755102
Fractal;Arc Midi;2;1400000;2.316326531
Fractal;Arc Midi R2 Window Black;2;1650000;2.571428571
Fractal;Arc Mini R2 Window Black;2;1500000;2.418367347
Fractal;Arc XL Window Black;2;2000000;2.928571429
Fractal;Core 2300 Black;2;850000;1.755102041
Fractal;Core 2500 Black;2;1050000;1.959183673
Fractal;Core 3000;2;1100000;2.010204082
Fractal;Core 3000 Black;2;1200000;2.112244898
Fractal;Core 3300 Black;2;1200000;2.112244898
Fractal;Core 3500 Black;2;1400000;2.316326531
Fractal;Core 3500 Window Black;2;1500000;2.418367347
Fractal;Define R3 Black;2;1750000;2.673469388
Fractal;Define R3 Grey;2;1750000;2.673469388
Fractal;Define R3 White;2;1750000;2.673469388
Fractal;Define R4 (Black/Grey/White);2;1850000;2.775510204
Fractal;Define R4 Window (Black/Grey/White);2;2000000;2.928571429
Fractal;Define R5 (Black/Grey/White);2;1850000;2.775510204
Fractal;Define R5 Window (Black/Grey/White);2;2000000;2.928571429
Fractal;Node 605;2;2350000;3.285714286
GameMax;G527;2;345000;1.239795918
GameMax;G536 Balck;2;495000;1.392857143
GameMax;G539 Black Window;2;730000;1.632653061
GameMax;G539 White Window;2;740000;1.642857143
GameMax;Hero Gaming H601 Black;2;285000;1.178571429
GameMax;Hero Gaming H601 White;2;295000;1.18877551
Infinity;Acro Tower;2;2600000;3.540816327
Infinity;Ares;2;930000;1.836734694
Infinity;Black Silver;2;600000;1.5
Infinity;Dark Knight;2;420000;1.316326531
Infinity;G-01 Gaming Transfomer;2;575000;1.474489796
Infinity;G-02M Gaming Black;2;250000;1.142857143
Infinity;G-02M Gaming White;2;255000;1.147959184
Infinity;G-03M Gaming (White);2;300000;1.193877551
Infinity;Galaxy;2;830000;1.734693878
Infinity;IN-115;2;275000;1.168367347
Infinity;K-18;2;260000;1.153061224
Infinity;K-51 Arcylic Fiesta;2;300000;1.193877551
Infinity;K-51 Arcylic;2;290000;1.183673469
Infinity;K-61G;2;440000;1.336734694
Infinity;Predator;2;960000;1.867346939
Infinity;Rave;2;295000;1.18877551
Infinity;Volcano;2;410000;1.306122449
Infinity;W2;2;850000;1.755102041
Jonsbo;G3 Silver;2;975000;1.882653061
Jonsbo;QT01 Black;2;1300000;2.214285714
Lian li;Lancool K - 57WB;2;500000;1.397959184
Lian li;Lancool K - 58W;2;500000;1.397959184
Lian li;Lancool K - 59WB;2;500000;1.397959184
Lian li;Lancool K - 62B;2;700000;1.602040816
Lian li;Lancool K - 9WBI;2;750000;1.653061224
Lian li;PC - V1020B;2;1820000;2.744897959
Lian li;PC - V1020R;2;2370000;3.306122449
Lian li;PC - V2120;2;3770000;4.734693878
Lian li;PC - V360;2;1170000;2.081632653
Lian li;PC - V700WX;2;2120000;3.051020408
Lian li;PC - V750W;2;2270000;3.204081633
Lian li;PC - X1000B;2;1000000;1.908163265
Molucca;450;2;230000;1.12244898
NZXT;Guardian 921 RB Red / Blue;2;1200000;2.112244898
NZXT;H2 Black / White;2;1650000;2.571428571
NZXT;H230 Black / White;2;1195000;2.107142857
NZXT;H440 Black / White;2;2000000;2.928571429
NZXT;H440 Razer;2;2500000;3.43877551
NZXT;Lexa S 4 Fan;2;1200000;2.112244898
NZXT;Noctis 450 (Black-Red / White-Blue);2;2350000;3.285714286
NZXT;Phantom 240 White / Black;2;1200000;2.112244898
NZXT;Phantom 410 Black / Gunmetal;2;1650000;2.571428571
NZXT;Phantom 410 LE Chimera;2;1850000;2.775510204
NZXT;Phantom 410 Red;2;1650000;2.571428571
NZXT;Phantom 410 SE Black Orange;2;1650000;2.571428571
NZXT;Phantom 410 SE Black White;2;1650000;2.571428571
NZXT;Phantom 410 SE White Blue;2;1650000;2.571428571
NZXT;Phantom 410 White;2;1650000;2.571428571
NZXT;S340 Black / Black-Red / Black-Blue;2;1200000;2.112244898
NZXT;S340 Razer;2;1700000;2.62244898
NZXT;S340 Elite (Black / Black-Red / White);2;1650000;2.571428571
NZXT;S340 White;2;1200000;2.112244898
NZXT;Source 210 Black / White;2;675000;1.576530612
NZXT;Source 210 Elite Black / White;2;850000;1.755102041
NZXT;Source 210 Window Black;2;750000;1.653061224
NZXT;Tempest 410 Elite SE Black;2;1200000;2.112244898
NZXT;Vulcan;2;1050000;1.959183673
Phanteks;Eclipse P400 Window Black / Grey;2;1200000;2.112244898
Phanteks;Enthoo Evolv Tempered Glass Black;2;3000000;3.948979592
Phanteks;Enthoo Evolv Tempered Glass Grey;2;3000000;3.948979592
Phanteks;Enthoo Evolv Tempered Glass Silver;2;3000000;3.948979592
Phanteks;Enthoo Evolv Black;2;1900000;2.826530612
Phanteks;Enthoo Evolv Grey;2;1900000;2.826530612
Phanteks;Enthoo Evolv White;2;2250000;3.183673469
Phanteks;Enthoo Mini XL Black;2;3000000;3.948979592
Phanteks;Enthoo Pro M Acrylic Black;2;1450000;2.367346939
Phanteks;Enthoo Pro M Black;2;1300000;2.214285714
Power Logic;Armageddon Microtron T3Z - Black;2;380000;1.275510204
Power Logic;Armageddon Microtron T3Z - White;2;390000;1.285714286
Power Logic;Armageddon Venus V3FX Black;2;455000;1.352040816
Power Logic;Armageddon Venus V3FX White;2;470000;1.367346939
Power Logic;Armageddon Vesta V2FX Black;2;420000;1.316326531
Power Logic;Armageddon Vesta V2FX-White;2;435000;1.331632653
Power Logic;Armageddon Vulcan V1 Black;2;275000;1.168367347
Power Logic;Armageddon Vulcan V1 White;2;290000;1.183673469
Power Logic;Armaggeddon Hectotron T3X Black;2;388000;1.283673469
Power Logic;Armaggeddon Hectotron T3X White;2;398000;1.293877551
Power Logic;Armaggeddon Infinitron T9;2;3075000;4.025510204
Power Logic;Armaggeddon Microtron T2X Black;2;315000;1.209183673
Power Logic;Armaggeddon Microtron T2X White;2;328000;1.22244898
Power Logic;Armaggeddon Microtron T2Z Black;2;340000;1.234693878
Power Logic;Armaggeddon Microtron T2Z White;2;350000;1.244897959
Power Logic;Armaggeddon Nanotron T1X Black;2;255000;1.147959184
Power Logic;Armaggeddon Nanotron T1X White;2;273000;1.166326531
Power Logic;Armaggeddon T100/T200/T300;2;318000;1.212244898
Power Logic;Armaggeddon Teratron T7 Black / White;2;663000;1.564285714
Power Logic;Armaggeddon Zetaton T11 Black;2;803000;1.707142857
Power Logic;Armaggeddon Zetaton T11 White;2;823000;1.72755102
Power Logic;Armaggeddon Zetaton T9X;2;723000;1.625510204
Power Logic;Atrix 5500;2;458000;1.355102041
Power Logic;Xenon GRAPHITE 1X /5X /7X;2;380000;1.275510204
Power Logic;Xenon GRAPHITE;2;353000;1.247959184
Power Pro;AGM-3000 Transparant;2;900000;1.806122449
Raidmax;Cobra Z Red / Blue;2;1040000;1.948979592
Raidmax;EXO;2;347000;1.241836735
Raidmax;Horus;2;690000;1.591836735
Raidmax;Hyperion;2;995000;1.903061224
Raidmax;MONSTER II Black;2;1290000;2.204081633
Raidmax;Ninja II;2;845000;1.75
Raidmax;Scorpio V Black;2;1145000;2.056122449
Raidmax;Scorpio V White / Titan / Pink;2;1195000;2.107142857
Raidmax;Seiran II Black;2;745000;1.647959184
Raidmax;Seiran II White;2;770000;1.673469388
Raidmax;Super Helios;2;795000;1.698979592
Raidmax;Tiger Shark;2;740000;1.642857143
Raidmax;Viper GX;2;1195000;2.107142857
Raidmax;Viper GX II;2;1145000;2.056122449
Raidmax;Viper II;2;745000;1.647959184
Raidmax;Vortex V4 Green/Yellow/Blue/Red;2;695000;1.596938776
Raijintek;AENEAS - White;2;875000;1.780612245
Raijintek;Agos Black;2;695000;1.596938776
Raijintek;Arcadia - Black;2;425000;1.321428571
Raijintek;Asterion Black Plus;2;2199000;3.131632653
Raijintek;Asterion Silver Classic;2;2199000;3.131632653
Raijintek;CAYMAN;2;195000;1.086734694
Raijintek;KING SG-CL / SG-FY;2;330000;1.224489796
Raijintek;Nestor White;2;575000;1.474489796
Raijintek;SG-W01 - BLACK / WHITE;2;345000;1.239795918
Raijintek;Thetis Silver Window;2;1250000;2.163265306
Raijintek;AENEAS Black / White;2;870000;1.775510204
Sades;Anubis;2;475000;1.37244898
Sades;Baphomet;2;720000;1.62244898
Sades;Lycan;2;425000;1.321428571
Segotep;EOS SILVER;2;750000;1.653061224
Segotep;GAMING CASE BLADE Black / White;2;390000;1.285714286
Segotep;GAMING CASE CHARIOT TF;2;425000;1.321428571
Segotep;GAMING CASE FIGHTER V - Black;2;480000;1.37755102
Segotep;GAMING CASE GANK-II - White / Black;2;520000;1.418367347
Segotep;GAMING CASE POLAR LIGHT BLACK / WHITE;2;360000;1.255102041
Segotep;GAMING CASE SPRINT Black;2;460000;1.357142857
Segotep;GAMING CASE SPRINT White;2;460000;1.357142857
Segotep;GAMING CASE THE WIND;2;390000;1.285714286
Segotep;GAMING CASE WARSHIP EVA - BLACK/White;2;650000;1.551020408
Segotep;GAMING CASE WARSHIP EVO - ORANGE;2;625000;1.525510204
Segotep;GAMING CASE WARSHIP EVO - WHITE / BLACK;2;690000;1.591836735
Segotep;HALO WINDOW;2;600000;1.5
Segotep;LUX WHITE / BLACK WINDOW;2;600000;1.5
Segotep;SG-K7;2;925000;1.831632653
Sharkoon;BW9000-W White / Black;2;1205000;2.117346939
Sharkoon;DG7000 Blue / Green / Red;2;870000;1.775510204
Sharkoon;S25-V;2;675000;1.576530612
Sharkoon;S25-W Black / Blue;2;750000;1.653061224
Sharkoon;T28 Blue / Red;2;985000;1.892857143
Sharkoon;T3-V Blue / Green / Red;2;498000;1.395918367
Sharkoon;T3-W Blue / Green / Red;2;601000;1.501020408
Sharkoon;VG4-W Blue / Green / Red;2;557000;1.456122449
Sharkoon;VG4-W Red / Blue / Green;2;557000;1.456122449
Sharkoon;VG5-W Blue / Green / Red;2;629000;1.529591837
Sharkoon;VS4-V Black;2;448000;1.344897959
Silverstone;SST-FT01B / S (Black / Silver);2;3172000;4.124489796
Silverstone;SST-FT03T;2;2533000;3.47244898
Silverstone;SST-GD05B;2;1725000;2.647959184
Silverstone;SST-GD07B-W;2;2222000;3.155102041
Silverstone;SST-GD08B;2;2260000;3.193877551
Silverstone;SST-RV03B-W;2;2210000;3.142857143
Silverstone;SST-RVX01BR-W;2;1510000;2.428571429
Silverstone;SST-RVZ01B;2;1750000;2.673469388
Silverstone;SST-RVZ02B-W;2;1620000;2.540816327
Silverstone;SST-SG13B;2;975000;1.882653061
Silverstone;SST-SG13P;2;1015000;1.923469388
Silverstone;SST-SG13WB;2;975000;1.882653061
Silverstone;SST-SG13WB-Q;2;1005000;1.913265306
Silverstone;SST-TJ04B-EW Black Window;2;2340000;3.275510204
Silverstone;SST-TJ08B-E Middle Tower;2;1823000;2.747959184
Simbadda;Sim Cool SC 08;2;460000;1.357142857
Simbadda;Sim Cool SC-820;2;510000;1.408163265
Simbadda;Sim Cool SC-892;2;520000;1.418367347
Simbadda;Sim V;2;110000;1
Simbadda;Sim X 2680;2;300000;1.193877551
THERMALTAKE;C22 RGB Black / Snow;2;895000;1.801020408
THERMALTAKE;Core X31 Black;2;1445000;2.362244898
THERMALTAKE;Core X31 Ring RGB Black;2;1845000;2.770408163
THERMALTAKE;Suppressor F31 TG/Black;2;1545000;2.464285714
THERMALTAKE;Suppressor F31/Black;2;1395000;2.31122449
THERMALTAKE;Suppressor F51/Black;2;1745000;2.668367347
THERMALTAKE;THERMALTAKE Core V51 Power;2;1745000;2.668367347
THERMALTAKE;THERMALTAKE Core V51 Riing;2;1845000;2.770408163
THERMALTAKE;Versa N21 Black;2;675000;1.576530612
THERMALTAKE;Versa N21 Snow;2;695000;1.596938776
THERMALTAKE;Versa N24 Black;2;845000;1.75
THERMALTAKE;Versa N25 Black;2;695000;1.596938776
THERMALTAKE;Versa N26 Black;2;695000;1.596938776
THERMALTAKE;Versa U21 Black;2;950000;1.857142857
THERMALTAKE;VIEW 27/BLACK;2;965000;1.87244898
THERMALTAKE;VIEW 31 TG RGB /BLACK;2;1640000;2.56122449
Venomrx;Arsenal Gaming;2;283000;1.176530612
Venomrx;Centurion;2;358000;1.253061224
Venomrx;Draxus;2;324000;1.218367347
Venomrx;Ghost Infantry Gaming;2;528000;1.426530612
Venomrx;God Of Wind;2;515000;1.413265306
Venomrx;Hero Gaming;2;534000;1.432653061
Venomrx;Immortal Gaming;2;460000;1.357142857
Venomrx;Naga;2;665000;1.566326531
Venomrx;Omega Gaming;2;447000;1.343877551
Venomrx;Paladin;2;297000;1.190816327
Venomrx;Ragnaros Gaming;2;528000;1.426530612
Venomrx;Raijin;2;419000;1.315306122
Venomrx;Supernova Gaming;2;513000;1.41122449
Venomrx;Ultron;2;428000;1.324489796
Venomrx;Valkorion Gaming;2;576000;1.475510204
Venomrx;Warlord Gaming;2;303000;1.196938776
Zalman;ZM-Z11 Plus;2;700000;1.602040816
Zalman;ZM-Z9;2;600000;1.5
Zalman;ZM-Z9 U3;2;650000;1.551020408
Aerocool;GT-S Black;3;1649000;2.570408163
Aerocool;GT-S White;3;1681000;2.603061224
Aerocool;Strike-X ST Devil Red;3;2405000;3.341836735
Aerocool;Xpredator Avenger;3;1793000;2.717346939
Aerocool;Xpredator Black;3;1685000;2.607142857
Aerocool;Xpredator Devil Red;3;1703000;2.625510204
Aerocool;Xpredator Evil Black-Black / Black-Orange;3;1681000;2.603061224
Aerocool;Xpredator Evil Blue;3;1703000;2.625510204
Aerocool;Xpredator Evil Green;3;1681000;2.603061224
Aerocool;Xpredator White;3;1739000;2.662244898
Bitfenix;Colossus Venom;3;2280000;3.214285714
Bitfenix;Colossus Window Black-Red/Black-Grenn/White-Blue;3;2114000;3.044897959
Bitfenix;Shinobi Window XL Black;3;2100000;3.030612245
Bitfenix;Shinobi Window XL White;3;2100000;3.030612245
Bitfenix;Shinobi XL Black;3;1950000;2.87755102
Bitfenix;Shinobi XL White;3;1950000;2.87755102
Bitfenix;Survivor Black;3;1200000;2.112244898
Cooler Master;Cosmos II;3;4955000;5.943877551
Cooler Master;Cosmos SE;3;2470000;3.408163265
Cooler Master;HAF STACKER 935;3;2690000;3.632653061
Cooler Master;HAF XB;3;1490000;2.408163265
Cooler Master;Stryker;3;2670000;3.612244898
Cooler Master;Trooper;3;2580000;3.520408163
Corsair;Graphite 760T (Black/White);3;2685000;3.62755102
Corsair;Obsidian 750D;3;2660000;3.602040816
Corsair;Obsidian 900D;3;4910000;5.897959184
Dazumba;D-Vito 911;3;805000;1.709183673
Dazumba;D-Vito 912;3;805000;1.709183673
Dazumba;D-Vito 950;3;695000;1.596938776
Dazumba;D-Vito 960;3;705000;1.607142857
Dazumba;D-Vito 970;3;705000;1.607142857
Dazumba;D-Vito 980;3;705000;1.607142857
Dazumba;D-Vito 988;3;815000;1.719387755
Dazumba;D-Vito 989;3;815000;1.719387755
Fractal;Define XL Black;3;2000000;2.928571429
Fractal;Define XL Grey;3;2000000;2.928571429
Fractal;Define XL R2 (Black/Grey );3;2150000;3.081632653
I-Cute;Konqor - Storm Killer;3;1445000;2.362244898
NZXT;H630 Black / White;3;2500000;3.43877551
NZXT;Phantom 530 White / Black / Red;3;2150000;3.081632653
NZXT;Phantom 630 White / Black / Gunmetal;3;2800000;3.744897959
NZXT;Phantom 630 Window White / Black / Gunmetal;3;2800000;3.744897959
NZXT;Phantom 820 White / Black / Gunmetal;3;4200000;5.173469388
NZXT;Phantom Black / White / Red;3;2000000;2.928571429
NZXT;Phantom SE White-Red / Black-Green / Black Orange;3;2000000;2.928571429
NZXT;Source 530 Black;3;1550000;2.469387755
NZXT;Switch 810 Black/ Gunmetal/ White;3;2800000;3.744897959
Phanteks;Enthoo Luxe Black;3;2350000;3.285714286
Phanteks;Enthoo Luxe White;3;2550000;3.489795918
Phanteks;Enthoo Primo Black;3;3950000;4.918367347
Phanteks;Enthoo Primo White;3;4250000;5.224489796
Phanteks;Enthoo Pro Black;3;1450000;2.367346939
Phanteks;Enthoo Pro Window Black;3;1600000;2.520408163
Phanteks;Enthoo Pro Window White;3;1750000;2.673469388
Power Logic;Armaggeddon Ziitron T8;3;2395000;3.331632653
Raidmax;Agusta AX;3;1690000;2.612244898
Raidmax;Vampire 001 White;3;1945000;2.87244898
Raidmax;Vampire 001l Black;3;1890000;2.816326531
Silverstone;SST-FT04B-W;3;3700000;4.663265306
Silverstone;SST-FT05B-W;3;3330000;4.285714286
Silverstone;SST-FT05S-W;3;3330000;4.285714286
Silverstone;SST-FTZ01B;3;2390000;3.326530612
Silverstone;SST-RV01B-W;3;2570000;3.510204082
Silverstone;SST-RV04B-W;3;2560000;3.5
Silverstone;SST-RV05B-W;3;2370000;3.306122449
Silverstone;SST-RV05WB-W;3;2470000;3.408163265
Silverstone;SST-TJ11B-W;3;8930000;10
THERMALTAKE;Core P3 Wallmount Black;3;1695000;2.617346939
THERMALTAKE;Core P3 Wallmount White;3;1755000;2.678571429
THERMALTAKE;Core P5 Wallmount Black;3;2080000;3.010204082
THERMALTAKE;Core P5 Wallmount Green Edition;3;2180000;3.112244898
THERMALTAKE;Core P5 TG Snow;3;3365000;4.321428571
THERMALTAKE;Core W100/Black;3;4495000;5.474489796
THERMALTAKE;Core X71/Black;3;2095000;3.025510204
THERMALTAKE;THE TOWER 900 Snow / Black;3;3745000;4.709183673
THERMALTAKE;Core W100 Black;3;4375000;5.352040816
THERMALTAKE;X71 Black;3;2030000;2.959183673
Aerocool;DS Cube Black;1;1073000;1.982653061
Aerocool;DS Cube Blue / Green / Pink;1;1186000;2.097959184
Aerocool;DS Cube Red / Orange / Gold / Black-White;1;1100000;2.010204082
Aerocool;DS Cube White;1;1127000;2.037755102
Aerocool;QS-101 Red;1;520000;1.418367347
Aerocool;QS-101 White With;1;465000;1.362244898
Aerocool;QS-182;1;275000;1.168367347
Aerocool;QX-2000;1;770000;1.673469388
Aerocool;Strike-X Cube Black;1;987000;1.894897959
Aerocool;Strike-X Cube Red;1;996000;1.904081633
Aerocool;Strike-X Cube White;1;1019000;1.92755102
Aerocool;Xpredator Cube Black / Orange;1;1019000;1.92755102
Aerocool;Xpredator Cube White;1;1064000;1.973469388
Bitfenix;Phenom White / Black;1;975000;1.882653061
Bitfenix;Prodigy Black / Red;1;975000;1.882653061
Bitfenix;Prodigy White;1;975000;1.882653061
Bitfenix;Prodigy Window Blue / Green;1;1180000;2.091836735
Cooler Master;CM Lab Tes;1;760000;1.663265306
Cooler Master;Elite 110 Advanced;1;680000;1.581632653
Cooler Master;ELITE 130 Advanced;1;745000;1.647959184
Cooler Master;HAF STACKER 915 FRONT;1;1180000;2.091836735
Cooler Master;HAF STACKER 915 Rear;1;1180000;2.091836735
Cooler Master;N200;1;680000;1.581632653
Corsair;Carbide 330R Titanium / Blackout;1;1510000;2.428571429
Corsair;Obsidian 250D;1;1435000;2.352040816
Dazumba;DE-210 / 220;1;185000;1.076530612
Dazumba;DE-230;1;185000;1.076530612
Dazumba;DE-250;1;185000;1.076530612
Dazumba;DE-261;1;200000;1.091836735
Dazumba;DE-262;1;200000;1.091836735
Dazumba;DE-263;1;195000;1.086734694
Dazumba;Dtac 921;1;705000;1.607142857
E-POS;E3001;1;428000;1.324489796
Enlight;EN-10 TX;1;410000;1.306122449
Enlight;EN-10 TX C;1;2800000;3.744897959
Enlight;EN-2319;1;300000;1.193877551
Enlight;EN-2322;1;285000;1.178571429
Fractal;Core 1000;1;625000;1.525510204
Fractal;Core 1000;1;675000;1.576530612
Fractal;Core 1100;1;675000;1.576530612
Fractal;Core 1300;1;850000;1.755102041
Fractal;Core 1500;1;1050000;1.959183673
Fractal;Define;1;1500000;2.418367347
Fractal;Node 304 (Black/White);1;1850000;2.775510204
Infinity;IN-01;1;280000;1.173469388
Infinity;IN-012;1;190000;1.081632653
Jonsbo;U1 Black;1;900000;1.806122449
Jonsbo;U1 Silver;1;800000;1.704081633
Jonsbo;U1 Silver Window;1;900000;1.806122449
Jonsbo;U2 Black;1;1150000;2.06122449
Jonsbo;U2 Black Window;1;1250000;2.163265306
Jonsbo;U2 Red;1;1150000;2.06122449
Jonsbo;U2 Silver;1;1150000;2.06122449
Jonsbo;U2 Silver Window;1;1250000;2.163265306
Jonsbo;U3 Black;1;1250000;2.163265306
Jonsbo;U3 Black Window;1;1345000;2.260204082
Jonsbo;U3 Silver;1;1250000;2.163265306
Jonsbo;U3 Silver Window;1;1350000;2.265306122
Jonsbo;V2 Black;1;525000;1.423469388
Jonsbo;V2 Silver;1;525000;1.423469388
Jonsbo;V3+ Black;1;700000;1.602040816
Jonsbo;V3+ Silver;1;700000;1.602040816
Jonsbo;V4 Black;1;975000;1.882653061
Jonsbo;V4 Silver;1;975000;1.882653061
Jonsbo;V6 Black;1;800000;1.704081633
Jonsbo;V6 Silver;1;800000;1.704081633
Jonsbo;V6+ Black;1;800000;1.704081633
Jonsbo;W1 Black Window;1;1550000;2.469387755
Jonsbo;W1 Silver;1;1400000;2.316326531
Jonsbo;W1 Silver Window;1;1550000;2.469387755
Kebos;GameMax 100;1;555000;1.454081633
Kebos;GameMax 200;1;575000;1.474489796
Kebos;Ufora LP5 Glossy Black;1;475000;1.37244898
Kebos;Ufora LP5 Glossy White;1;500000;1.397959184
Kebos;Ufora LP8 Glossy Black;1;475000;1.37244898
Kebos;Ufora LP8 Glossy White;1;500000;1.397959184
Kebos;Ufora LP9 Glossy Black;1;520000;1.418367347
Kebos;Ufora LP9 Glossy White;1;550000;1.448979592
Lian li;PC - CK101L;1;2370000;3.306122449
Lian li;PC - Q09FNB;1;1270000;2.183673469
Lian li;PC - Q30A;1;1170000;2.081632653
Lian li;PC - Q30XBK;1;1170000;2.081632653
Lian li;PC-T80X;1;1870000;2.795918367
Phanteks;Enthoo Evolv Black;1;1150000;2.06122449
Raidmax;Atomic;1;945000;1.852040816
Raidmax;Element;1;625000;1.525510204
Raidmax;TROY;1;1295000;2.209183673
Raijintek;Metis Black Red Silver;1;749000;1.652040816
Segotep;Cayman;1;195000;1.086734694
Segotep;MINI CASE TT Cube;1;590000;1.489795918
Segotep;SLIM CASE Raynor;1;500000;1.397959184
Segotep;SLIM;1;480000;1.37755102
Sharkoon;CA-M Blck Aluminium;1;810000;1.714285714
Sharkoon;M25-V Black;1;700000;1.602040816
Sharkoon;M25-W Black (Black / Blue Fan);1;815000;1.719387755
Sharkoon;M25-W White (White / Blue Fan Led);1;838000;1.742857143
Sharkoon;Sharkoon BD28 Green / Red / Blue;1;855000;1.760204082
Silverstone;SST-GD06B;1;1910000;2.836734694
Silverstone;SST-LC17B;1;1891000;2.817346939
Silverstone;SST-LC20B;1;1960000;2.887755102
Simbadda;969;1;290000;1.183673469
Simbadda;CX 150 / CX 160;1;450000;1.346938776
Simbadda;CX 170;1;445000;1.341836735
SPC;SX Series;1;200000;1.091836735
THERMALTAKE;Core G3/BLACK;1;995000;1.903061224
THERMALTAKE;Core P100/Black;1;1295000;2.209183673
THERMALTAKE;Core V1 Snow White;1;775000;1.678571429
THERMALTAKE;Core X2;1;1495000;2.413265306
THERMALTAKE;Core X5 Black;1;2045000;2.974489796
THERMALTAKE;Core X5 Ring RGB Green;1;2245000;3.178571429
THERMALTAKE;Core X9;1;2545000;3.484693878
THERMALTAKE;Suppressor F1 Black;1;775000;1.678571429
Venomrx;Armada Gaming;1;314000;1.208163265
